GSE,disease,organism,model,time,GSM,title
GSE17400,MOCK,"	Homo sapiens",Calu-3,12,GSM432030,Mock-infected Calu-3 subclone 2B4 at 12 hours post infection #1
GSE17400,MOCK,"	Homo sapiens",Calu-3,12,GSM432031,Mock-infected Calu-3 subclone 2B4 at 12 hours post infection #2
GSE17400,MOCK,"	Homo sapiens",Calu-3,12,GSM432032,Mock-infected Calu-3 subclone 2B4 at 12 hours post infection #3
GSE17400,MOCK,"	Homo sapiens",Calu-3,24,GSM432033,Mock-infected Calu-3 subclone 2B4 at 24 hours post infection #1
GSE17400,MOCK,"	Homo sapiens",Calu-3,24,GSM432034,Mock-infected Calu-3 subclone 2B4 at 24 hours post infection #2
GSE17400,MOCK,"	Homo sapiens",Calu-3,24,GSM432209,Mock-infected Calu-3 subclone 2B4 at 24 hours post infection #3
GSE17400,MOCK,"	Homo sapiens",Calu-3,48,GSM432210,Mock-infected Calu-3 subclone 2B4 at 48 hours post infection #1
GSE17400,MOCK,"	Homo sapiens",Calu-3,48,GSM432211,Mock-infected Calu-3 subclone 2B4 at 48 hours post infection #2
GSE17400,MOCK,"	Homo sapiens",Calu-3,48,GSM432212,Mock-infected Calu-3 subclone 2B4 at 48 hours post infection #3
GSE17400,SARS,"	Homo sapiens",Calu-3,12,GSM432213,SARS-CoV-infected (MOI=0.1) Calu-3 subclone 2B4 at 12 hours post infection #1
GSE17400,SARS,"	Homo sapiens",Calu-3,12,GSM432241,SARS-CoV-infected (MOI=0.1) Calu-3 subclone 2B4 at 12 hours post infection #2
GSE17400,SARS,"	Homo sapiens",Calu-3,12,GSM432331,SARS-CoV-infected (MOI=0.1) Calu-3 subclone 2B4 at 12 hours post infection #3
GSE17400,SARS,"	Homo sapiens",Calu-3,24,GSM432332,SARS-CoV-infected (MOI=0.1) Calu-3 subclone 2B4 at 24 hours post infection #1
GSE17400,SARS,"	Homo sapiens",Calu-3,24,GSM432333,SARS-CoV-infected (MOI=0.1) Calu-3 subclone 2B4 at 24 hours post infection #2
GSE17400,SARS,"	Homo sapiens",Calu-3,24,GSM432360,SARS-CoV-infected (MOI=0.1) Calu-3 subclone 2B4 at 24 hours post infection #3
GSE17400,SARS,"	Homo sapiens",Calu-3,48,GSM432361,SARS-CoV-infected (MOI=0.1) Calu-3 subclone 2B4 at 48 hours post infection #1
GSE17400,SARS,"	Homo sapiens",Calu-3,48,GSM432393,SARS-CoV-infected (MOI=0.1) Calu-3 subclone 2B4 at 48 hours post infection #2
GSE17400,SARS,"	Homo sapiens",Calu-3,48,GSM432394,SARS-CoV-infected (MOI=0.1) Calu-3 subclone 2B4 at 48 hours post infection #3
GSE17400,DOHV,"	Homo sapiens",Calu-3,12,GSM432395,DOHV-infected (MOI=0.1) Calu-3 subclone 2B4 at 12 hours post infection #1
GSE17400,DOHV,"	Homo sapiens",Calu-3,12,GSM432396,DOHV-infected (MOI=0.1) Calu-3 subclone 2B4 at 12 hours post infection #2
GSE17400,DOHV,"	Homo sapiens",Calu-3,12,GSM432397,DOHV-infected (MOI=0.1) Calu-3 subclone 2B4 at 12 hours post infection #3
GSE17400,DOHV,"	Homo sapiens",Calu-3,24,GSM432398,DOHV-infected (MOI=0.1) Calu-3 subclone 2B4 at 24 hours post infection #1
GSE17400,DOHV,"	Homo sapiens",Calu-3,24,GSM432399,DOHV-infected (MOI=0.1) Calu-3 subclone 2B4 at 24 hours post infection #2
GSE17400,DOHV,"	Homo sapiens",Calu-3,24,GSM432400,DOHV-infected (MOI=0.1) Calu-3 subclone 2B4 at 24 hours post infection #3
GSE17400,DOHV,"	Homo sapiens",Calu-3,48,GSM432414,DOHV-infected (MOI=0.1) Calu-3 subclone 2B4 at 48 hours post infection #1
GSE17400,DOHV,"	Homo sapiens",Calu-3,48,GSM432415,DOHV-infected (MOI=0.1) Calu-3 subclone 2B4 at 48 hours post infection #２
GSE17400,DOHV,"	Homo sapiens",Calu-3,48,GSM432416,DOHV-infected (MOI=0.1) Calu-3 subclone 2B4 at 48 hours post infection #3
GSE30589,SARS,Homo sapiens,Vero E6,7,GSM758827,Vero E6 SARS CoV 07hpi rep1
GSE30589,SARS,Homo sapiens,Vero E6,7,GSM758828,Vero E6 SARS CoV 07hpi rep2
GSE30589,SARS,Homo sapiens,Vero E6,7,GSM758829,Vero E6 SARS CoV 07hpi rep3
GSE30589,SARS,Homo sapiens,Vero E6 DeltaE,7,GSM758830,Vero E6 SARS CoV DeltaE 07hpi rep1
GSE30589,SARS,Homo sapiens,Vero E6 DeltaE,7,GSM758831,Vero E6 SARS CoV DeltaE 07hpi rep2
GSE30589,SARS,Homo sapiens,Vero E6 DeltaE,7,GSM758832,Vero E6 SARS CoV DeltaE 07hpi rep3
GSE30589,MOCK,Homo sapiens,Vero E6,7,GSM758833,Vero E6 Mock infected 07hpi rep1
GSE30589,MOCK,Homo sapiens,Vero E6,7,GSM758834,Vero E6 Mock infected 07hpi rep2
GSE30589,MOCK,Homo sapiens,Vero E6,7,GSM758835,Vero E6 Mock infected 07hpi rep3
GSE30589,SARS,Homo sapiens,Vero E6,15,GSM758836,Vero E6 SARS CoV 15hpi rep1
GSE30589,SARS,Homo sapiens,Vero E6,15,GSM758837,Vero E6 SARS CoV 15hpi rep2
GSE30589,SARS,Homo sapiens,Vero E6,15,GSM758838,Vero E6 SARS CoV 15hpi rep3
GSE30589,SARS,Homo sapiens,Vero E6 DeltaE,15,GSM758839,Vero E6 SARS CoV DeltaE 15hpi rep1
GSE30589,SARS,Homo sapiens,Vero E6 DeltaE,15,GSM758840,Vero E6 SARS CoV DeltaE 15hpi rep2
GSE30589,SARS,Homo sapiens,Vero E6 DeltaE,15,GSM758841,Vero E6 SARS CoV DeltaE 15hpi rep3
GSE30589,MOCK,Homo sapiens,Vero E6,15,GSM758842,Vero E6 Mock infected 15hpi rep1
GSE30589,MOCK,Homo sapiens,Vero E6,15,GSM758843,Vero E6 Mock infected 15hpi rep2
GSE30589,MOCK,Homo sapiens,Vero E6,15,GSM758844,Vero E6 Mock infected 15hpi rep3
GSE30589,SARS,Homo sapiens,MA-104,24,GSM758845,MA-104 SARS CoV 24hpi rep1
GSE30589,SARS,Homo sapiens,MA-104,24,GSM758846,MA-104 SARS CoV 24hpi rep2
GSE30589,SARS,Homo sapiens,MA-104,24,GSM758847,MA-104 SARS CoV 24hpi rep3
GSE30589,SARS,Homo sapiens,MA-104 DeltaE,24,GSM758848,MA-104 SARS CoV DeltaE 24hpi rep1
GSE30589,SARS,Homo sapiens,MA-104 DeltaE,24,GSM758849,MA-104 SARS CoV DeltaE 24hpi rep2
GSE30589,SARS,Homo sapiens,MA-104 DeltaE,24,GSM758850,MA-104 SARS CoV DeltaE 24hpi rep3
GSE30589,MOCK,Homo sapiens,MA-104,0,GSM758851,MA-104 Mock infected 0hpi rep1
GSE30589,MOCK,Homo sapiens,MA-104,0,GSM758852,MA-104 Mock infected 0hpi rep2
GSE30589,MOCK,Homo sapiens,MA-104,0,GSM758853,MA-104 Mock infected 0hpi rep3
GSE30589,SARS,Homo sapiens,MA-104,65,GSM758854,MA-104 SARS CoV 65hpi rep1
GSE30589,SARS,Homo sapiens,MA-104,65,GSM758855,MA-104 SARS CoV 65hpi rep2
GSE30589,SARS,Homo sapiens,MA-104,65,GSM758856,MA-104 SARS CoV 65hpi rep3
GSE30589,SARS,Homo sapiens,MA-104 DeltaE,65,GSM758857,MA-104 SARS CoV DeltaE 65hpi rep1
GSE30589,SARS,Homo sapiens,MA-104 DeltaE,65,GSM758858,MA-104 SARS CoV DeltaE 65hpi rep2
GSE30589,SARS,Homo sapiens,MA-104 DeltaE,65,GSM758859,MA-104 SARS CoV DeltaE 65hpi rep3
GSE45042,MOCK,Homo sapiens,Calu-3,12,GSM1096511,ECL001_Mock_12hr_1
GSE45042,EMC,Homo sapiens,Calu-3,0,GSM1096512,ECL001_EMC_0hr_3
GSE45042,EMC,Homo sapiens,Calu-3,24,GSM1096513,ECL001_EMC_24hr_2
GSE45042,MOCK,Homo sapiens,Calu-3,0,GSM1096514,ECL001_Mock_0hr_2
GSE45042,EMC,Homo sapiens,Calu-3,0,GSM1096515,ECL001_EMC_0hr_2
GSE45042,MOCK,Homo sapiens,Calu-3,3,GSM1096516,ECL001_Mock_3hr_2
GSE45042,EMC,Homo sapiens,Calu-3,3,GSM1096517,ECL001_EMC_3hr_2
GSE45042,EMC,Homo sapiens,Calu-3,7,GSM1096518,ECL001_EMC_7hr_2
GSE45042,EMC,Homo sapiens,Calu-3,24,GSM1096519,ECL001_EMC_24hr_3
GSE45042,MOCK,Homo sapiens,Calu-3,24,GSM1096520,ECL001_Mock_24hr_3
GSE45042,EMC,Homo sapiens,Calu-3,3,GSM1096521,ECL001_EMC_3hr_1
GSE45042,MOCK,Homo sapiens,Calu-3,12,GSM1096522,ECL001_Mock_12hr_3
GSE45042,MOCK,Homo sapiens,Calu-3,7,GSM1096523,ECL001_Mock_7hr_2
GSE45042,MOCK,Homo sapiens,Calu-3,24,GSM1096524,ECL001_Mock_24hr_2
GSE45042,MOCK,Homo sapiens,Calu-3,24,GSM1096525,ECL001_Mock_24hr_1
GSE45042,EMC,Homo sapiens,Calu-3,12,GSM1096526,ECL001_EMC_12hr_3
GSE45042,MOCK,Homo sapiens,Calu-3,7,GSM1096527,ECL001_Mock_7hr_3
GSE45042,EMC,Homo sapiens,Calu-3,24,GSM1096528,ECL001_EMC_24hr_1
GSE45042,EMC,Homo sapiens,Calu-3,12,GSM1096529,ECL001_EMC_12hr_2
GSE45042,EMC,Homo sapiens,Calu-3,0,GSM1096530,ECL001_EMC_0hr_1
GSE45042,MOCK,Homo sapiens,Calu-3,0,GSM1096531,ECL001_Mock_0hr_1
GSE45042,EMC,Homo sapiens,Calu-3,18,GSM1096532,ECL001_EMC_18hr_3
GSE45042,MOCK,Homo sapiens,Calu-3,12,GSM1096533,ECL001_Mock_12hr_2
GSE45042,MOCK,Homo sapiens,Calu-3,0,GSM1096534,ECL001_Mock_0hr_3
GSE45042,EMC,Homo sapiens,Calu-3,7,GSM1096535,ECL001_EMC_7hr_3
GSE45042,EMC,Homo sapiens,Calu-3,18,GSM1096536,ECL001_EMC_18hr_2
GSE45042,MOCK,Homo sapiens,Calu-3,7,GSM1096537,ECL001_Mock_7hr_1
GSE45042,MOCK,Homo sapiens,Calu-3,3,GSM1096538,ECL001_Mock_3hr_1
GSE45042,MOCK,Homo sapiens,Calu-3,3,GSM1096539,ECL001_Mock_3hr_3
GSE45042,EMC,Homo sapiens,Calu-3,18,GSM1096540,ECL001_EMC_18hr_1
GSE45042,EMC,Homo sapiens,Calu-3,7,GSM1096541,ECL001_EMC_7hr_1
GSE45042,EMC,Homo sapiens,Calu-3,3,GSM1096542,ECL001_EMC_3hr_3
GSE47960,SARS-BatSRBD,Homo sapiens,HAE,0,GSM1163233,SHAE002_BAT_0h_1
GSE47960,SARS-BatSRBD,Homo sapiens,HAE,0,GSM1163234,SHAE002_BAT_0h_2
GSE47960,SARS-BatSRBD,Homo sapiens,HAE,0,GSM1163235,SHAE002_BAT_0h_3
GSE47960,SARS-BatSRBD,Homo sapiens,HAE,0,GSM1163236,SHAE002_BAT_0h_4
GSE47960,SARS-BatSRBD,Homo sapiens,HAE,12,GSM1163237,SHAE002_BAT_12h_1
GSE47960,SARS-BatSRBD,Homo sapiens,HAE,12,GSM1163238,SHAE002_BAT_12h_2
GSE47960,SARS-BatSRBD,Homo sapiens,HAE,12,GSM1163239,SHAE002_BAT_12h_3
GSE47960,SARS-BatSRBD,Homo sapiens,HAE,12,GSM1163240,SHAE002_BAT_12h_4
GSE47960,SARS-BatSRBD,Homo sapiens,HAE,24,GSM1163241,SHAE002_BAT_24h_1
GSE47960,SARS-BatSRBD,Homo sapiens,HAE,24,GSM1163242,SHAE002_BAT_24h_2
GSE47960,SARS-BatSRBD,Homo sapiens,HAE,24,GSM1163243,SHAE002_BAT_24h_3
GSE47960,SARS-BatSRBD,Homo sapiens,HAE,24,GSM1163244,SHAE002_BAT_24h_4
GSE47960,SARS-BatSRBD,Homo sapiens,HAE,36,GSM1163245,SHAE002_BAT_36h_1
GSE47960,SARS-BatSRBD,Homo sapiens,HAE,36,GSM1163246,SHAE002_BAT_36h_2
GSE47960,SARS-BatSRBD,Homo sapiens,HAE,36,GSM1163247,SHAE002_BAT_36h_3
GSE47960,SARS-BatSRBD,Homo sapiens,HAE,36,GSM1163248,SHAE002_BAT_36h_4
GSE47960,SARS-BatSRBD,Homo sapiens,HAE,48,GSM1163249,SHAE002_BAT_48h_1
GSE47960,SARS-BatSRBD,Homo sapiens,HAE,48,GSM1163250,SHAE002_BAT_48h_3
GSE47960,SARS-BatSRBD,Homo sapiens,HAE,48,GSM1163251,SHAE002_BAT_48h_4
GSE47960,SARS-BatSRBD,Homo sapiens,HAE,60,GSM1163252,SHAE002_BAT_60h_1
GSE47960,SARS-BatSRBD,Homo sapiens,HAE,60,GSM1163253,SHAE002_BAT_60h_3
GSE47960,SARS-BatSRBD,Homo sapiens,HAE,60,GSM1163254,SHAE002_BAT_60h_4
GSE47960,SARS-BatSRBD,Homo sapiens,HAE,72,GSM1163255,SHAE002_BAT_72h_1
GSE47960,SARS-BatSRBD,Homo sapiens,HAE,72,GSM1163256,SHAE002_BAT_72h_2
GSE47960,SARS-BatSRBD,Homo sapiens,HAE,72,GSM1163257,SHAE002_BAT_72h_3
GSE47960,SARS-BatSRBD,Homo sapiens,HAE,72,GSM1163258,SHAE002_BAT_72h_4
GSE47960,SARS-BatSRBD,Homo sapiens,HAE,84,GSM1163259,SHAE002_BAT_84h_2
GSE47960,SARS-BatSRBD,Homo sapiens,HAE,84,GSM1163260,SHAE002_BAT_84h_3
GSE47960,SARS-BatSRBD,Homo sapiens,HAE,84,GSM1163261,SHAE002_BAT_84h_4
GSE47960,SARS-BatSRBD,Homo sapiens,HAE,96,GSM1163262,SHAE002_BAT_96h_1
GSE47960,SARS-BatSRBD,Homo sapiens,HAE,96,GSM1163263,SHAE002_BAT_96h_2
GSE47960,SARS-BatSRBD,Homo sapiens,HAE,96,GSM1163264,SHAE002_BAT_96h_3
GSE47960,SARS-BatSRBD,Homo sapiens,HAE,96,GSM1163265,SHAE002_BAT_96h_4
GSE47960,H1N1,Homo sapiens,HAE,0,GSM1163266,SHAE002_H1N1_0h_1
GSE47960,H1N1,Homo sapiens,HAE,0,GSM1163267,SHAE002_H1N1_0h_2
GSE47960,H1N1,Homo sapiens,HAE,0,GSM1163268,SHAE002_H1N1_0h_3
GSE47960,H1N1,Homo sapiens,HAE,12,GSM1163269,SHAE002_H1N1_12h_1
GSE47960,H1N1,Homo sapiens,HAE,12,GSM1163270,SHAE002_H1N1_12h_2
GSE47960,H1N1,Homo sapiens,HAE,12,GSM1163271,SHAE002_H1N1_12h_3
GSE47960,H1N1,Homo sapiens,HAE,18,GSM1163272,SHAE002_H1N1_18h_1
GSE47960,H1N1,Homo sapiens,HAE,18,GSM1163273,SHAE002_H1N1_18h_2
GSE47960,H1N1,Homo sapiens,HAE,24,GSM1163274,SHAE002_H1N1_24h_1
GSE47960,H1N1,Homo sapiens,HAE,24,GSM1163275,SHAE002_H1N1_24h_2
GSE47960,H1N1,Homo sapiens,HAE,24,GSM1163276,SHAE002_H1N1_24h_3
GSE47960,H1N1,Homo sapiens,HAE,36,GSM1163277,SHAE002_H1N1_36h_1
GSE47960,H1N1,Homo sapiens,HAE,36,GSM1163278,SHAE002_H1N1_36h_2
GSE47960,H1N1,Homo sapiens,HAE,48,GSM1163279,SHAE002_H1N1_48h_1
GSE47960,H1N1,Homo sapiens,HAE,48,GSM1163280,SHAE002_H1N1_48h_2
GSE47960,H1N1,Homo sapiens,HAE,48,GSM1163281,SHAE002_H1N1_48h_3
GSE47960,H1N1,Homo sapiens,HAE,48,GSM1163282,SHAE002_H1N1_48h_4
GSE47960,H1N1,Homo sapiens,HAE,6,GSM1163283,SHAE002_H1N1_6h_1
GSE47960,H1N1,Homo sapiens,HAE,6,GSM1163284,SHAE002_H1N1_6h_2
GSE47960,H1N1,Homo sapiens,HAE,6,GSM1163285,SHAE002_H1N1_6h_3
GSE47960,MOCK,Homo sapiens,HAE,0,GSM1163286,SHAE002_mock_0h_1
GSE47960,MOCK,Homo sapiens,HAE,0,GSM1163287,SHAE002_mock_0h_2
GSE47960,MOCK,Homo sapiens,HAE,0,GSM1163288,SHAE002_mock_0h_3
GSE47960,MOCK,Homo sapiens,HAE,12,GSM1163289,SHAE002_mock_12h_1
GSE47960,MOCK,Homo sapiens,HAE,12,GSM1163290,SHAE002_mock_12h_2
GSE47960,MOCK,Homo sapiens,HAE,12,GSM1163291,SHAE002_mock_12h_3
GSE47960,MOCK,Homo sapiens,HAE,18,GSM1163292,SHAE002_mock_18h_1
GSE47960,MOCK,Homo sapiens,HAE,18,GSM1163293,SHAE002_mock_18h_2
GSE47960,MOCK,Homo sapiens,HAE,18,GSM1163294,SHAE002_mock_18h_3
GSE47960,MOCK,Homo sapiens,HAE,24,GSM1163295,SHAE002_mock_24h_1
GSE47960,MOCK,Homo sapiens,HAE,24,GSM1163296,SHAE002_mock_24h_3
GSE47960,MOCK,Homo sapiens,HAE,36,GSM1163297,SHAE002_mock_36h_1
GSE47960,MOCK,Homo sapiens,HAE,36,GSM1163298,SHAE002_mock_36h_2
GSE47960,MOCK,Homo sapiens,HAE,36,GSM1163299,SHAE002_mock_36h_3
GSE47960,MOCK,Homo sapiens,HAE,48,GSM1163300,SHAE002_mock_48h_1
GSE47960,MOCK,Homo sapiens,HAE,48,GSM1163301,SHAE002_mock_48h_3
GSE47960,MOCK,Homo sapiens,HAE,48,GSM1163302,SHAE002_mock_48h_4
GSE47960,MOCK,Homo sapiens,HAE,60,GSM1163303,SHAE002_mock_60h_1
GSE47960,MOCK,Homo sapiens,HAE,60,GSM1163304,SHAE002_mock_60h_2
GSE47960,MOCK,Homo sapiens,HAE,60,GSM1163305,SHAE002_mock_60h_3
GSE47960,MOCK,Homo sapiens,HAE,60,GSM1163306,SHAE002_mock_60h_4
GSE47960,MOCK,Homo sapiens,HAE,6,GSM1163307,SHAE002_mock_6h_1
GSE47960,MOCK,Homo sapiens,HAE,6,GSM1163308,SHAE002_mock_6h_2
GSE47960,MOCK,Homo sapiens,HAE,6,GSM1163309,SHAE002_mock_6h_3
GSE47960,MOCK,Homo sapiens,HAE,72,GSM1163310,SHAE002_mock_72h_1
GSE47960,MOCK,Homo sapiens,HAE,72,GSM1163311,SHAE002_mock_72h_2
GSE47960,MOCK,Homo sapiens,HAE,72,GSM1163312,SHAE002_mock_72h_3
GSE47960,MOCK,Homo sapiens,HAE,72,GSM1163313,SHAE002_mock_72h_4
GSE47960,MOCK,Homo sapiens,HAE,84,GSM1163314,SHAE002_mock_84h_1
GSE47960,MOCK,Homo sapiens,HAE,84,GSM1163315,SHAE002_mock_84h_2
GSE47960,MOCK,Homo sapiens,HAE,84,GSM1163316,SHAE002_mock_84h_3
GSE47960,MOCK,Homo sapiens,HAE,84,GSM1163317,SHAE002_mock_84h_4
GSE47960,MOCK,Homo sapiens,HAE,96,GSM1163318,SHAE002_mock_96h_1
GSE47960,MOCK,Homo sapiens,HAE,96,GSM1163319,SHAE002_mock_96h_2
GSE47960,MOCK,Homo sapiens,HAE,96,GSM1163320,SHAE002_mock_96h_3
GSE47960,MOCK,Homo sapiens,HAE,96,GSM1163321,SHAE002_mock_96h_4
GSE47960,SARS-dORF6,Homo sapiens,HAE,0,GSM1163322,SHAE002_dORF6_0h_1
GSE47960,SARS-dORF6,Homo sapiens,HAE,0,GSM1163323,SHAE002_dORF6_0h_2
GSE47960,SARS-dORF6,Homo sapiens,HAE,0,GSM1163324,SHAE002_dORF6_0h_3
GSE47960,SARS-dORF6,Homo sapiens,HAE,0,GSM1163325,SHAE002_dORF6_0h_4
GSE47960,SARS-dORF6,Homo sapiens,HAE,12,GSM1163326,SHAE002_dORF6_12h_1
GSE47960,SARS-dORF6,Homo sapiens,HAE,12,GSM1163327,SHAE002_dORF6_12h_2
GSE47960,SARS-dORF6,Homo sapiens,HAE,12,GSM1163328,SHAE002_dORF6_12h_3
GSE47960,SARS-dORF6,Homo sapiens,HAE,12,GSM1163329,SHAE002_dORF6_12h_4
GSE47960,SARS-dORF6,Homo sapiens,HAE,24,GSM1163330,SHAE002_dORF6_24h_1
GSE47960,SARS-dORF6,Homo sapiens,HAE,24,GSM1163331,SHAE002_dORF6_24h_2
GSE47960,SARS-dORF6,Homo sapiens,HAE,24,GSM1163332,SHAE002_dORF6_24h_4
GSE47960,SARS-dORF6,Homo sapiens,HAE,36,GSM1163333,SHAE002_dORF6_36h_1
GSE47960,SARS-dORF6,Homo sapiens,HAE,36,GSM1163334,SHAE002_dORF6_36h_2
GSE47960,SARS-dORF6,Homo sapiens,HAE,36,GSM1163335,SHAE002_dORF6_36h_3
GSE47960,SARS-dORF6,Homo sapiens,HAE,36,GSM1163336,SHAE002_dORF6_36h_4
GSE47960,SARS-dORF6,Homo sapiens,HAE,48,GSM1163337,SHAE002_dORF6_48h_1
GSE47960,SARS-dORF6,Homo sapiens,HAE,48,GSM1163338,SHAE002_dORF6_48h_2
GSE47960,SARS-dORF6,Homo sapiens,HAE,48,GSM1163339,SHAE002_dORF6_48h_3
GSE47960,SARS-dORF6,Homo sapiens,HAE,48,GSM1163340,SHAE002_dORF6_48h_4
GSE47960,SARS-dORF6,Homo sapiens,HAE,60,GSM1163341,SHAE002_dORF6_60h_1
GSE47960,SARS-dORF6,Homo sapiens,HAE,60,GSM1163342,SHAE002_dORF6_60h_2
GSE47960,SARS-dORF6,Homo sapiens,HAE,60,GSM1163343,SHAE002_dORF6_60h_3
GSE47960,SARS-dORF6,Homo sapiens,HAE,60,GSM1163344,SHAE002_dORF6_60h_4
GSE47960,SARS-dORF6,Homo sapiens,HAE,72,GSM1163345,SHAE002_dORF6_72h_1
GSE47960,SARS-dORF6,Homo sapiens,HAE,72,GSM1163346,SHAE002_dORF6_72h_2
GSE47960,SARS-dORF6,Homo sapiens,HAE,72,GSM1163347,SHAE002_dORF6_72h_3
GSE47960,SARS-dORF6,Homo sapiens,HAE,72,GSM1163348,SHAE002_dORF6_72h_4
GSE47960,SARS-dORF6,Homo sapiens,HAE,84,GSM1163349,SHAE002_dORF6_84h_1
GSE47960,SARS-dORF6,Homo sapiens,HAE,84,GSM1163350,SHAE002_dORF6_84h_2
GSE47960,SARS-dORF6,Homo sapiens,HAE,84,GSM1163351,SHAE002_dORF6_84h_3
GSE47960,SARS-dORF6,Homo sapiens,HAE,84,GSM1163352,SHAE002_dORF6_84h_4
GSE47960,SARS-dORF6,Homo sapiens,HAE,96,GSM1163353,SHAE002_dORF6_96h_1
GSE47960,SARS-dORF6,Homo sapiens,HAE,96,GSM1163354,SHAE002_dORF6_96h_2
GSE47960,SARS-dORF6,Homo sapiens,HAE,96,GSM1163355,SHAE002_dORF6_96h_3
GSE47960,SARS-dORF6,Homo sapiens,HAE,96,GSM1163356,SHAE002_dORF6_96h_4
GSE47960,SARS,Homo sapiens,HAE,0,GSM1163357,SHAE002_icSARS_0h_1
GSE47960,SARS,Homo sapiens,HAE,0,GSM1163358,SHAE002_icSARS_0h_2
GSE47960,SARS,Homo sapiens,HAE,0,GSM1163359,SHAE002_icSARS_0h_3
GSE47960,SARS,Homo sapiens,HAE,0,GSM1163360,SHAE002_icSARS_0h_4
GSE47960,SARS,Homo sapiens,HAE,12,GSM1163361,SHAE002_icSARS_12h_1
GSE47960,SARS,Homo sapiens,HAE,12,GSM1163362,SHAE002_icSARS_12h_2
GSE47960,SARS,Homo sapiens,HAE,12,GSM1163363,SHAE002_icSARS_12h_4
GSE47960,SARS,Homo sapiens,HAE,24,GSM1163364,SHAE002_icSARS_24h_1
GSE47960,SARS,Homo sapiens,HAE,24,GSM1163365,SHAE002_icSARS_24h_2
GSE47960,SARS,Homo sapiens,HAE,24,GSM1163366,SHAE002_icSARS_24h_3
GSE47960,SARS,Homo sapiens,HAE,24,GSM1163367,SHAE002_icSARS_24h_4
GSE47960,SARS,Homo sapiens,HAE,36,GSM1163368,SHAE002_icSARS_36h_1
GSE47960,SARS,Homo sapiens,HAE,36,GSM1163369,SHAE002_icSARS_36h_2
GSE47960,SARS,Homo sapiens,HAE,48,GSM1163370,SHAE002_icSARS_48h_1
GSE47960,SARS,Homo sapiens,HAE,48,GSM1163371,SHAE002_icSARS_48h_2
GSE47960,SARS,Homo sapiens,HAE,48,GSM1163372,SHAE002_icSARS_48h_3
GSE47960,SARS,Homo sapiens,HAE,48,GSM1163373,SHAE002_icSARS_48h_4
GSE47960,SARS,Homo sapiens,HAE,60,GSM1163374,SHAE002_icSARS_60h_1
GSE47960,SARS,Homo sapiens,HAE,60,GSM1163375,SHAE002_icSARS_60h_2
GSE47960,SARS,Homo sapiens,HAE,60,GSM1163376,SHAE002_icSARS_60h_4
GSE47960,SARS,Homo sapiens,HAE,72,GSM1163377,SHAE002_icSARS_72h_1
GSE47960,SARS,Homo sapiens,HAE,72,GSM1163378,SHAE002_icSARS_72h_2
GSE47960,SARS,Homo sapiens,HAE,72,GSM1163379,SHAE002_icSARS_72h_3
GSE47960,SARS,Homo sapiens,HAE,72,GSM1163380,SHAE002_icSARS_72h_4
GSE47960,SARS,Homo sapiens,HAE,84,GSM1163381,SHAE002_icSARS_84h_1
GSE47960,SARS,Homo sapiens,HAE,84,GSM1163382,SHAE002_icSARS_84h_2
GSE47960,SARS,Homo sapiens,HAE,84,GSM1163383,SHAE002_icSARS_84h_3
GSE47960,SARS,Homo sapiens,HAE,84,GSM1163384,SHAE002_icSARS_84h_4
GSE47960,SARS,Homo sapiens,HAE,96,GSM1163385,SHAE002_icSARS_96h_1
GSE47960,SARS,Homo sapiens,HAE,96,GSM1163386,SHAE002_icSARS_96h_2
GSE47960,SARS,Homo sapiens,HAE,96,GSM1163387,SHAE002_icSARS_96h_3
GSE47960,SARS,Homo sapiens,HAE,96,GSM1163388,SHAE002_icSARS_96h_4
GSE47960,MOCK,Homo sapiens,HAE,24,GSM1163389,SHAE002_mock_24h_2
GSE47960,SARS-BatSRBD,Homo sapiens,HAE,60,GSM1163390,SHAE002_BAT_60h_2
GSE47960,SARS,Homo sapiens,HAE,12,GSM1163391,SHAE002_icSARS_12h_3
GSE47960,SARS-BatSRBD,Homo sapiens,HAE,84,GSM1163392,SHAE002_BAT_84h_1
GSE47960,SARS,Homo sapiens,HAE,60,GSM1163393,SHAE002_icSARS_60h_3
GSE47960,H1N1,Homo sapiens,HAE,36,GSM1163394,SHAE002_H1N1_36h_3
GSE47960,H1N1,Homo sapiens,HAE,18,GSM1163395,SHAE002_H1N1_18h_3
GSE79218,MERS,Homo sapiens,MMVE001,0,GSM2088232,MMVE001_icMERS_0h_RNA_1
GSE79218,MERS,Homo sapiens,MMVE001,0,GSM2088233,MMVE001_icMERS_0h_RNA_2
GSE79218,MERS,Homo sapiens,MMVE001,0,GSM2088234,MMVE001_icMERS_0h_RNA_3
GSE79218,MERS,Homo sapiens,MMVE001,0,GSM2088235,MMVE001_icMERS_0h_RNA_4
GSE79218,MERS,Homo sapiens,MMVE001,0,GSM2088236,MMVE001_icMERS_0h_RNA_5
GSE79218,MOCK,Homo sapiens,MMVE001,0,GSM2088237,MMVE001_mock_0h_RNA_1
GSE79218,MOCK,Homo sapiens,MMVE001,0,GSM2088238,MMVE001_mock_0h_RNA_2
GSE79218,MOCK,Homo sapiens,MMVE001,0,GSM2088239,MMVE001_mock_0h_RNA_3
GSE79218,MOCK,Homo sapiens,MMVE001,0,GSM2088240,MMVE001_mock_0h_RNA_4
GSE79218,MOCK,Homo sapiens,MMVE001,0,GSM2088241,MMVE001_mock_0h_RNA_5
GSE79218,MERS,Homo sapiens,MMVE001,12,GSM2088242,MMVE001_icMERS_12h_RNA_1
GSE79218,MERS,Homo sapiens,MMVE001,12,GSM2088243,MMVE001_icMERS_12h_RNA_2
GSE79218,MERS,Homo sapiens,MMVE001,12,GSM2088244,MMVE001_icMERS_12h_RNA_3
GSE79218,MERS,Homo sapiens,MMVE001,12,GSM2088245,MMVE001_icMERS_12h_RNA_4
GSE79218,MERS,Homo sapiens,MMVE001,12,GSM2088246,MMVE001_icMERS_12h_RNA_5
GSE79218,MOCK,Homo sapiens,MMVE001,12,GSM2088247,MMVE001_mock_12h_RNA_1
GSE79218,MOCK,Homo sapiens,MMVE001,12,GSM2088248,MMVE001_mock_12h_RNA_2
GSE79218,MOCK,Homo sapiens,MMVE001,12,GSM2088249,MMVE001_mock_12h_RNA_3
GSE79218,MOCK,Homo sapiens,MMVE001,12,GSM2088250,MMVE001_mock_12h_RNA_4
GSE79218,MOCK,Homo sapiens,MMVE001,12,GSM2088251,MMVE001_mock_12h_RNA_5
GSE79218,MERS,Homo sapiens,MMVE001,24,GSM2088252,MMVE001_icMERS_24h_RNA_1
GSE79218,MERS,Homo sapiens,MMVE001,24,GSM2088253,MMVE001_icMERS_24h_RNA_2
GSE79218,MERS,Homo sapiens,MMVE001,24,GSM2088254,MMVE001_icMERS_24h_RNA_3
GSE79218,MERS,Homo sapiens,MMVE001,24,GSM2088255,MMVE001_icMERS_24h_RNA_4
GSE79218,MERS,Homo sapiens,MMVE001,24,GSM2088256,MMVE001_icMERS_24h_RNA_5
GSE79218,MOCK,Homo sapiens,MMVE001,24,GSM2088257,MMVE001_mock_24h_RNA_1
GSE79218,MOCK,Homo sapiens,MMVE001,24,GSM2088258,MMVE001_mock_24h_RNA_2
GSE79218,MOCK,Homo sapiens,MMVE001,24,GSM2088259,MMVE001_mock_24h_RNA_3
GSE79218,MOCK,Homo sapiens,MMVE001,24,GSM2088260,MMVE001_mock_24h_RNA_4
GSE79218,MOCK,Homo sapiens,MMVE001,24,GSM2088261,MMVE001_mock_24h_RNA_5
GSE79218,MERS,Homo sapiens,MMVE001,36,GSM2088262,MMVE001_icMERS_36h_RNA_1
GSE79218,MERS,Homo sapiens,MMVE001,36,GSM2088263,MMVE001_icMERS_36h_RNA_2
GSE79218,MERS,Homo sapiens,MMVE001,36,GSM2088264,MMVE001_icMERS_36h_RNA_3
GSE79218,MERS,Homo sapiens,MMVE001,36,GSM2088265,MMVE001_icMERS_36h_RNA_4
GSE79218,MERS,Homo sapiens,MMVE001,36,GSM2088266,MMVE001_icMERS_36h_RNA_5
GSE79218,MOCK,Homo sapiens,MMVE001,36,GSM2088267,MMVE001_mock_36h_RNA_1
GSE79218,MOCK,Homo sapiens,MMVE001,36,GSM2088268,MMVE001_mock_36h_RNA_2
GSE79218,MOCK,Homo sapiens,MMVE001,36,GSM2088269,MMVE001_mock_36h_RNA_3
GSE79218,MOCK,Homo sapiens,MMVE001,36,GSM2088270,MMVE001_mock_36h_RNA_4
GSE79218,MOCK,Homo sapiens,MMVE001,36,GSM2088271,MMVE001_mock_36h_RNA_5
GSE79218,MERS,Homo sapiens,MMVE001,48,GSM2088272,MMVE001_icMERS_48h_RNA_1
GSE79218,MERS,Homo sapiens,MMVE001,48,GSM2088273,MMVE001_icMERS_48h_RNA_2
GSE79218,MERS,Homo sapiens,MMVE001,48,GSM2088274,MMVE001_icMERS_48h_RNA_3
GSE79218,MERS,Homo sapiens,MMVE001,48,GSM2088275,MMVE001_icMERS_48h_RNA_4
GSE79218,MERS,Homo sapiens,MMVE001,48,GSM2088276,MMVE001_icMERS_48h_RNA_5
GSE79218,MOCK,Homo sapiens,MMVE001,48,GSM2088277,MMVE001_mock_48h_RNA_1
GSE79218,MOCK,Homo sapiens,MMVE001,48,GSM2088278,MMVE001_mock_48h_RNA_3
GSE79218,MOCK,Homo sapiens,MMVE001,48,GSM2088279,MMVE001_mock_48h_RNA_4
GSE79218,MOCK,Homo sapiens,MMVE001,48,GSM2088280,MMVE001_mock_48h_RNA_5
GSE79172,MOCK,Homo sapiens,MDC001,0,GSM2087263,MDC001_mock_0h_RNA_1
GSE79172,MOCK,Homo sapiens,MDC001,0,GSM2087264,MDC001_mock_0h_RNA_2
GSE79172,MOCK,Homo sapiens,MDC001,0,GSM2087265,MDC001_mock_0h_RNA_3
GSE79172,MOCK,Homo sapiens,MDC001,3,GSM2087266,MDC001_mock_3h_RNA_2
GSE79172,MOCK,Homo sapiens,MDC001,3,GSM2087267,MDC001_mock_3h_RNA_3
GSE79172,MOCK,Homo sapiens,MDC001,7,GSM2087268,MDC001_mock_7h_RNA_1
GSE79172,MOCK,Homo sapiens,MDC001,7,GSM2087269,MDC001_mock_7h_RNA_2
GSE79172,MOCK,Homo sapiens,MDC001,7,GSM2087270,MDC001_mock_7h_RNA_3
GSE79172,MOCK,Homo sapiens,MDC001,12,GSM2087271,MDC001_mock_12h_RNA_1
GSE79172,MOCK,Homo sapiens,MDC001,12,GSM2087272,MDC001_mock_12h_RNA_2
GSE79172,MOCK,Homo sapiens,MDC001,12,GSM2087273,MDC001_mock_12h_RNA_3
GSE79172,MOCK,Homo sapiens,MDC001,24,GSM2087274,MDC001_mock_24h_RNA_1
GSE79172,MOCK,Homo sapiens,MDC001,24,GSM2087275,MDC001_mock_24h_RNA_2
GSE79172,MOCK,Homo sapiens,MDC001,24,GSM2087276,MDC001_mock_24h_RNA_3
GSE79172,MERS,Homo sapiens,MDC001,0,GSM2087277,MDC001_icMERS_0h_RNA_1
GSE79172,MERS,Homo sapiens,MDC001,0,GSM2087278,MDC001_icMERS_0h_RNA_2
GSE79172,MERS,Homo sapiens,MDC001,0,GSM2087279,MDC001_icMERS_0h_RNA_3
GSE79172,MERS,Homo sapiens,MDC001,3,GSM2087280,MDC001_icMERS_3h_RNA_1
GSE79172,MERS,Homo sapiens,MDC001,3,GSM2087281,MDC001_icMERS_3h_RNA_2
GSE79172,MERS,Homo sapiens,MDC001,3,GSM2087282,MDC001_icMERS_3h_RNA_3
GSE79172,MERS,Homo sapiens,MDC001,7,GSM2087283,MDC001_icMERS_7h_RNA_1
GSE79172,MERS,Homo sapiens,MDC001,7,GSM2087284,MDC001_icMERS_7h_RNA_2
GSE79172,MERS,Homo sapiens,MDC001,7,GSM2087285,MDC001_icMERS_7h_RNA_3
GSE79172,MERS,Homo sapiens,MDC001,12,GSM2087286,MDC001_icMERS_12h_RNA_1
GSE79172,MERS,Homo sapiens,MDC001,12,GSM2087287,MDC001_icMERS_12h_RNA_2
GSE79172,MERS,Homo sapiens,MDC001,12,GSM2087288,MDC001_icMERS_12h_RNA_3
GSE79172,MERS,Homo sapiens,MDC001,24,GSM2087289,MDC001_icMERS_24h_RNA_1
GSE79172,MERS,Homo sapiens,MDC001,24,GSM2087290,MDC001_icMERS_24h_RNA_2
GSE79172,MERS,Homo sapiens,MDC001,24,GSM2087291,MDC001_icMERS_24h_RNA_3
GSE22581,MOCK,Canis lupus,Ferret Lung,0,GSM560392,"Ferret Lung, uninfected, on Day 0, biological rep1"
GSE22581,MOCK,Canis lupus,Ferret Lung,0,GSM560393,"Ferret Lung, uninfected, on Day 0, biological rep2"
GSE22581,MOCK,Canis lupus,Ferret Lung,0,GSM560394,"Ferret Lung, uninfected, on Day 0, biological rep3"
GSE22581,SARS,Canis lupus,Ferret Lung,1,GSM560395,"Ferret Lung, infecetd with SARS-CoV on Day 1, biological rep1"
GSE22581,SARS,Canis lupus,Ferret Lung,1,GSM560396,"Ferret Lung, infecetd with SARS-CoV on Day 1, biological rep2"
GSE22581,SARS,Canis lupus,Ferret Lung,1,GSM560397,"Ferret Lung, infecetd with SARS-CoV on Day 1, biological rep3"
GSE22581,SARS,Canis lupus,Ferret Lung,2,GSM560398,"Ferret Lung, infecetd with SARS-CoV on Day 2, biological rep1"
GSE22581,SARS,Canis lupus,Ferret Lung,2,GSM560399,"Ferret Lung, infecetd with SARS-CoV on Day 2, biological rep2"
GSE22581,SARS,Canis lupus,Ferret Lung,2,GSM560400,"Ferret Lung, infecetd with SARS-CoV on Day 2, biological rep3"
GSE36016,SARS,Mus musculus,lung WT,2,GSM879371,sars_mu_lung_129_Day2_rMA15_#1
GSE36016,SARS,Mus musculus,lung WT,2,GSM879372,sars_mu_lung_129_Day2_rMA15_#2
GSE36016,SARS,Mus musculus,lung WT,2,GSM879373,sars_mu_lung_129_Day2_rMA15_#3
GSE36016,SARS,Mus musculus,lung WT,5,GSM879374,sars_mu_lung_129_Day5_rMA15_#1
GSE36016,SARS,Mus musculus,lung WT,5,GSM879375,sars_mu_lung_129_Day5_rMA15_#2
GSE36016,SARS,Mus musculus,lung WT,5,GSM879376,sars_mu_lung_129_Day5_rMA15_#3
GSE36016,SARS,Mus musculus,lung WT,9,GSM879377,sars_mu_lung_129_Day9_rMA15_#1
GSE36016,SARS,Mus musculus,lung WT,9,GSM879378,sars_mu_lung_129_Day9_rMA15_#2
GSE36016,SARS,Mus musculus,lung WT,9,GSM879379,sars_mu_lung_129_Day9_rMA15_#3
GSE36016,MOCK,Mus musculus,lung WT,5,GSM879380,sars_mu_lung_129_Day5_novirus_#1
GSE36016,MOCK,Mus musculus,lung WT,5,GSM879381,sars_mu_lung_129_Day5_novirus_#2
GSE36016,MOCK,Mus musculus,lung WT,5,GSM879382,sars_mu_lung_129_Day5_novirus_#3
GSE36016,SARS,Mus musculus,lung IFNAR1,2,GSM879383,sars_mu_lung_IFNAR_Day2_rMA15_#1
GSE36016,SARS,Mus musculus,lung IFNAR1,2,GSM879384,sars_mu_lung_IFNAR_Day2_rMA15_#2
GSE36016,SARS,Mus musculus,lung IFNAR1,2,GSM879385,sars_mu_lung_IFNAR_Day2_rMA15_#3
GSE36016,SARS,Mus musculus,lung IFNAR1,5,GSM879386,sars_mu_lung_IFNAR_Day5_rMA15_#1
GSE36016,SARS,Mus musculus,lung IFNAR1,5,GSM879387,sars_mu_lung_IFNAR_Day5_rMA15_#2
GSE36016,SARS,Mus musculus,lung IFNAR1,5,GSM879388,sars_mu_lung_IFNAR_Day5_rMA15_#3
GSE36016,SARS,Mus musculus,lung IFNAR1,9,GSM879389,sars_mu_lung_IFNAR_Day9_rMA15_#1
GSE36016,SARS,Mus musculus,lung IFNAR1,9,GSM879390,sars_mu_lung_IFNAR_Day9_rMA15_#2
GSE36016,SARS,Mus musculus,lung IFNAR1,9,GSM879391,sars_mu_lung_IFNAR_Day9_rMA15_#3
GSE36016,MOCK,Mus musculus,lung IFNAR1,5,GSM879392,sars_mu_lung_IFNAR_Day5_novirus_#1
GSE36016,MOCK,Mus musculus,lung IFNAR1,5,GSM879393,sars_mu_lung_IFNAR_Day5_novirus_#2
GSE36016,MOCK,Mus musculus,lung IFNAR1,5,GSM879394,sars_mu_lung_IFNAR_Day5_novirus_#3
GSE36016,SARS,Mus musculus,lung STAT,2,GSM879395,sars_mu_lung_STAT_Day2_rMA15_#1
GSE36016,SARS,Mus musculus,lung STAT,2,GSM879396,sars_mu_lung_STAT_Day2_rMA15_#2
GSE36016,SARS,Mus musculus,lung STAT,2,GSM879397,sars_mu_lung_STAT_Day2_rMA15_#3
GSE36016,SARS,Mus musculus,lung STAT,5,GSM879398,sars_mu_lung_STAT_Day5_rMA15_#1
GSE36016,SARS,Mus musculus,lung STAT,5,GSM879399,sars_mu_lung_STAT_Day5_rMA15_#2
GSE36016,SARS,Mus musculus,lung STAT,5,GSM879400,sars_mu_lung_STAT_Day5_rMA15_#3
GSE36016,SARS,Mus musculus,lung STAT,9,GSM879401,sars_mu_lung_STAT_Day9_rMA15_#1
GSE36016,SARS,Mus musculus,lung STAT,9,GSM879402,sars_mu_lung_STAT_Day9_rMA15_#2
GSE36016,SARS,Mus musculus,lung STAT,9,GSM879403,sars_mu_lung_STAT_Day9_rMA15_#3
GSE36016,MOCK,Mus musculus,lung STAT,5,GSM879404,sars_mu_lung_STAT_Day5_novirus_#1
GSE36016,MOCK,Mus musculus,lung STAT,5,GSM879405,sars_mu_lung_STAT_Day5_novirus_#2
GSE36016,MOCK,Mus musculus,lung STAT,5,GSM879406,sars_mu_lung_STAT_Day5_novirus_#3
GSE68820,MOCK,Mus musculus,lung TLR3,2,GSM1682315,SM036 1.1 Mock TLR3 d2 RNA
GSE68820,MOCK,Mus musculus,lung TLR3,2,GSM1682316,SM036 1.2 Mock TLR3 d2 RNA
GSE68820,MOCK,Mus musculus,lung TLR3,2,GSM1682317,SM036 1.3 Mock TLR3 d2 RNA
GSE68820,MOCK,Mus musculus,lung TLR3,2,GSM1682318,SM036 1.4 Mock TLR3 d2 RNA
GSE68820,SARS,Mus musculus,lung TLR3,2,GSM1682319,SM036 2.1 10^5 MA15 TLR3 d2 RNA
GSE68820,SARS,Mus musculus,lung TLR3,2,GSM1682320,SM036 2.2 10^5 MA15 TLR3 d2 RNA
GSE68820,SARS,Mus musculus,lung TLR3,2,GSM1682321,SM036 2.3 10^5 MA15 TLR3 d2 RNA
GSE68820,SARS,Mus musculus,lung TLR3,2,GSM1682322,SM036 2.4 10^5 MA15 TLR3 d2 RNA
GSE68820,SARS,Mus musculus,lung TLR3,2,GSM1682323,SM036 2.5 10^5 MA15 TLR3 d2 RNA
GSE68820,MOCK,Mus musculus,lung TLR3,4,GSM1682324,SM036 3.1 Mock TLR3 d4 RNA
GSE68820,MOCK,Mus musculus,lung TLR3,4,GSM1682325,SM036 3.2 Mock TLR3 d4 RNA
GSE68820,MOCK,Mus musculus,lung TLR3,4,GSM1682326,SM036 3.3 Mock TLR3 d4 RNA
GSE68820,MOCK,Mus musculus,lung TLR3,4,GSM1682327,SM036 3.4 Mock TLR3 d4 RNA
GSE68820,SARS,Mus musculus,lung TLR3,4,GSM1682328,SM036 4.1 10^5 MA15 TLR3 d4 RNA
GSE68820,SARS,Mus musculus,lung TLR3,4,GSM1682329,SM036 4.2 10^5 MA15 TLR3 d4 RNA
GSE68820,SARS,Mus musculus,lung TLR3,4,GSM1682330,SM036 4.3 10^5 MA15 TLR3 d4 RNA
GSE68820,SARS,Mus musculus,lung TLR3,4,GSM1682331,SM036 4.4 10^5 MA15 TLR3 d4 RNA
GSE68820,SARS,Mus musculus,lung TLR3,4,GSM1682332,SM036 4.5 10^5 MA15 TLR3 d4 RNA
GSE68820,MOCK,Mus musculus,lung wt,2,GSM1682333,SM036 5.1 Mock B6NJ d2 RNA
GSE68820,MOCK,Mus musculus,lung wt,2,GSM1682334,SM036 5.2 Mock B6NJ d2 RNA
GSE68820,MOCK,Mus musculus,lung wt,2,GSM1682335,SM036 5.3 Mock B6NJ d2 RNA
GSE68820,MOCK,Mus musculus,lung wt,2,GSM1682336,SM036 5.4 Mock B6NJ d2 RNA
GSE68820,MOCK,Mus musculus,lung wt,2,GSM1682337,SM036 5.5 Mock B6NJ d2 RNA
GSE68820,SARS,Mus musculus,lung wt,2,GSM1682338,SM036 6.1 10^5 MA15 B6NJ d2 RNA
GSE68820,SARS,Mus musculus,lung wt,2,GSM1682339,SM036 6.2 10^5 MA15 B6NJ d2 RNA
GSE68820,SARS,Mus musculus,lung wt,2,GSM1682340,SM036 6.3 10^5 MA15 B6NJ d2 RNA
GSE68820,SARS,Mus musculus,lung wt,2,GSM1682341,SM036 6.4 10^5 MA15 B6NJ d2 RNA
GSE68820,SARS,Mus musculus,lung wt,2,GSM1682342,SM036 6.5 10^5 MA15 B6NJ d2 RNA
GSE68820,MOCK,Mus musculus,lung wt,4,GSM1682343,SM036 7.1 Mock B6NJ d4 RNA
GSE68820,MOCK,Mus musculus,lung wt,4,GSM1682344,SM036 7.2 Mock B6NJ d4 RNA
GSE68820,MOCK,Mus musculus,lung wt,4,GSM1682345,SM036 7.3 Mock B6NJ d4 RNA
GSE68820,MOCK,Mus musculus,lung wt,4,GSM1682346,SM036 7.4 Mock B6NJ d4 RNA
GSE68820,MOCK,Mus musculus,lung wt,4,GSM1682347,SM036 7.5 Mock B6NJ d4 RNA
GSE68820,SARS,Mus musculus,lung wt,4,GSM1682348,SM036 8.1 10^5 MA15 B6NJ d4 RNA
GSE68820,SARS,Mus musculus,lung wt,4,GSM1682349,SM036 8.2 10^5 MA15 B6NJ d4 RNA
GSE68820,SARS,Mus musculus,lung wt,4,GSM1682350,SM036 8.4 10^5 MA15 B6NJ d4 RNA
GSE68820,SARS,Mus musculus,lung wt,4,GSM1682351,SM036 8.5 10^5 MA15 B6NJ d4 RNA
GSE68820,MOCK,Mus musculus,lung wt,7,GSM1682352,SM036 9.2 Mock TLR3 d7 RNA
GSE68820,MOCK,Mus musculus,lung wt,7,GSM1682353,SM036 9.3 Mock TLR3 d7 RNA
GSE68820,SARS,Mus musculus,lung wt,7,GSM1682354,SM036 10.1 10^5 MA15 TLR3 d7 RNA
GSE68820,SARS,Mus musculus,lung wt,7,GSM1682355,SM036 10.2 10^5 MA15 TLR3 d7 RNA
GSE68820,SARS,Mus musculus,lung wt,7,GSM1682356,SM036 10.3 10^5 MA15 TLR3 d7 RNA
GSE68820,SARS,Mus musculus,lung wt,7,GSM1682357,SM036 10.4 10^5 MA15 TLR3 d7 RNA
GSE68820,SARS,Mus musculus,lung wt,7,GSM1682358,SM036 10.5 10^5 MA15 TLR3 d7 RNA
GSE68820,MOCK,Mus musculus,lung wt,7,GSM1682359,SM036 11.1 Mock B6NJ d7 RNA
GSE68820,MOCK,Mus musculus,lung wt,7,GSM1682360,SM036 11.2 Mock B6NJ d7 RNA
GSE68820,MOCK,Mus musculus,lung wt,7,GSM1682361,SM036 11.3 Mock B6NJ d7 RNA
GSE68820,MOCK,Mus musculus,lung wt,7,GSM1682362,SM036 11.4 Mock B6NJ d7 RNA
GSE68820,SARS,Mus musculus,lung wt,7,GSM1682363,SM036 12.1 10^5 MA15 B6NJ d7 RNA
GSE68820,SARS,Mus musculus,lung wt,7,GSM1682364,SM036 12.2 10^5 MA15 B6NJ d7 RNA
GSE68820,SARS,Mus musculus,lung wt,7,GSM1682365,SM036 12.3 10^5 MA15 B6NJ d7 RNA
GSE68820,SARS,Mus musculus,lung wt,7,GSM1682366,SM036 12.4 10^5 MA15 B6NJ d7 RNA