Name,SMILES,MoA,Target,Clinical_Phase,MERS EC50 µM,SARS EC50 µM,SARS-CoV-2 EC50 µM,log10_EC50_v1,V1_Only,log10_EC50_v2,CC50 µM,In_RepoLib,Dataset,Ref1,Ref2
17-hydroxyprogesterone-caproate,CCCCCC(=O)O[C@@]1(CC[C@@H]2[C@@]1(CC[C@H]3[C@H]2CCC4=CC(=O)CC[C@]34C)C)C(=O)C,progesterone receptor agonist,AR|ESR1|ESR2|NR1H4|NR1I2|NR3C1|PGR,Launched,,,13,,FALSE,-4.886056648,,TRUE,Calibration,Internal,
8-(3-chlorostyryl)caffeine,CN1C(=NC2=C1C(=O)N(C(=O)N2C)C)/C=C/C3=CC(=CC=C3)Cl,,,,,,1.6,,FALSE,-5.795880017,,FALSE,Calibration,https://doi.org/10.1101/2020.04.16.044016,
abemacilib,CCN1CCN(CC1)CC2=CN=C(C=C2)NC3=NC=C(C(=N3)C4=CC5=C(C(=C4)F)N=C(N5C(C)C)C)F,,,,,,6.62,,FALSE,-5.179142011,>50,FALSE,External,https://doi.org/10.1101/2020.03.20.999730,
ac1ndss5,,,,,,,0.77,,FALSE,-6.113509275,0.89,FALSE,Calibration,10.21203/rs.3.rs-23951/v1,
adoprazine,C1CN(CCN1CC2=CC(=CN=C2)C3=CC=C(C=C3)F)C4=C5C(=CC=C4)OCCO5,dopamine receptor antagonist|serotonin receptor agonist,DRD2|HTR1A,Phase 2,,,18.59,,FALSE,-4.73072061,75.9,FALSE,External,10.21203/rs.3.rs-23951/v1,
ai-10-49,C1=CC2=C(C=C1OC(F)(F)F)NC(=N2)C3=NC=C(C=C3)OCCOCCOC4=CN=C(C=C4)C5=NC6=C(N5)C=C(C=C6)OC(F)(F)F,,,,,,0.19,,FALSE,-6.721246399,6.58,FALSE,Calibration,10.21203/rs.3.rs-23951/v1,
alisporivir,CC[C@H]1C(=O)N([C@@H](C(=O)N([C@H](C(=O)N[C@H](C(=O)N([C@H](C(=O)N[C@H](C(=O)N[C@@H](C(=O)N([C@H](C(=O)N([C@H](C(=O)N([C@H](C(=O)N([C@H](C(=O)N1)[C@@H]([C@H](C)C/C=C/C)O)C)C(C)C)C)CC(C)C)C)CC(C)C)C)C)C)CC(C)C)C)C(C)C)C(C)C)CC)C)C,cyclophilin inhibitor,,Phase 3,,,3.1,,FALSE,-5.508638306,>20,FALSE,Calibration,10.21203/rs.3.rs-23951/v1,
almitrine,C=CCNC1=NC(=NC(=N1)N2CCN(CC2)C(C3=CC=C(C=C3)F)C4=CC=C(C=C4)F)NCC=C,neurotransmitter agonist,ATP1A1,Launched,,,1.42,,FALSE,-5.847711656,102.2,FALSE,External,10.21203/rs.3.rs-23951/v1,
alprostadil,CCCCC[C@@H](/C=C/[C@H]1[C@@H](CC(=O)[C@@H]1CCCCCCC(=O)O)O)O,prostanoid receptor agonist,CATSPER1|CATSPER2|CATSPER3|CATSPER4|PTGDR|PTGER1|PTGER2|PTGER4|PTGIR,Launched,,,5.39,,FALSE,-5.268411235,>40,TRUE,External,https://doi.org/10.1101/2020.04.03.023846,
alvocidib,CN1CC[C@@H]([C@@H](C1)O)C2=C(C=C(C3=C2OC(=CC3=O)C4=CC=CC=C4Cl)O)O,CDK inhibitor,CDK1|CDK2|CDK4|CDK5|CDK6|CDK7|CDK8|CDK9|EGFR|PYGM,Phase 2,,,0.59,,FALSE,-6.229147988,0.06,TRUE,External,10.21203/rs.3.rs-23951/v1,
amg-2674,CC1CN(CCN1C2=NC3=C(C=C(C=C3N2)C(F)(F)F)C4=CC(=C(C(=C4)F)F)F)C5=C(C=C(C=N5)C(CO)O)Cl,,,,,,0.95,,FALSE,-6.022276395,,FALSE,Calibration,https://doi.org/10.1101/2020.04.16.044016,
AMG-837,CC#C[C@@H](CC(=O)O)c1ccc(OCc2cccc(-c3ccc(C(F)(F)F)cc3)c2)cc1,free fatty acid receptor agonist,FFAR1,Phase 1,,,11.220185,,FALSE,-4.949999982,,FALSE,External,NCATS_confirmed,
amg-9810,CC(C)(C)C1=CC=C(C=C1)/C=C/C(=O)NC2=CC3=C(C=C2)OCCO3,,,,,,14.97,,FALSE,-4.8247782,14.22,FALSE,Calibration,10.21203/rs.3.rs-23951/v1,
amlodipine,CCOC(=O)C1=C(COCCN)NC(C)=C(C(=O)OC)C1c1ccccc1Cl,calcium channel blocker,CACNA1C|CACNA1D|CACNA1F|CACNA1S|CACNA2D1,Launched,,,12.589254,,FALSE,-4.900000004,,TRUE,External,NCATS_confirmed,
amodiaquine,CCN(CC)CC1=C(C=CC(=C1)NC2=C3C=CC(=CC3=NC=C2)Cl)O,histamine receptor agonist,HNMT,Launched,6.21,1.27,5.64,-5.427128398,TRUE,-5.450608525,>50,TRUE,Calibration,https://www.sciencedirect.com/science/article/pii/S1359644620300416,https://doi.org/10.1101/2020.03.25.008482
amprenavir,CC(C)CN(C[C@H]([C@H](CC1=CC=CC=C1)NC(=O)O[C@H]2CCOC2)O)S(=O)(=O)C3=CC=C(C=C3)N,HIV protease inhibitor,,Launched,,,31.32,,FALSE,-4.504178247,>81,FALSE,Calibration,https://doi.org/10.1101/2020.04.06.026476,
amuvatinib,C1CN(CCN1C2=NC=NC3=C2OC4=CC=CC=C43)C(=S)NCC5=CC6=C(C=C5)OCO6,FLT3 inhibitor|KIT inhibitor|PDGFR tyrosine kinase receptor inhibitor|RAD51 inhibitor|RET tyrosine kinase inhibitor,KIT|MET,Phase 2,,,3.548134,,FALSE,-5.449999987,0.06,TRUE,External,10.21203/rs.3.rs-23951/v1,NCATS_confirmed
anacardic-acid,CCCCCCCCCCCCCCCc1cccc(O)c1C(=O)O,,,,,,3.981072,,FALSE,-5.399999968,,FALSE,Calibration,NCATS_confirmed,
anidulafungin,CCCCCOC1=CC=C(C=C1)C2=CC=C(C=C2)C3=CC=C(C=C3)C(=O)N[C@H]4C[C@H]([C@H](NC(=O)[C@@H]5[C@H]([C@H](CN5C(=O)[C@@H](NC(=O)[C@@H](NC(=O)[C@@H]6C[C@H](CN6C(=O)[C@@H](NC4=O)[C@@H](C)O)O)[C@@H]([C@H](C7=CC=C(C=C7)O)O)O)[C@@H](C)O)C)O)O)O,"fungal 1,3-beta-D-glucan synthase inhibitor",,Launched,,,4.64,,FALSE,-5.333482019,>50,FALSE,Calibration,https://doi.org/10.1101/2020.03.20.999730,
apilimod,CC1=CC(=CC=C1)/C=N/NC2=CC(=NC(=N2)OCCC3=CC=CC=N3)N4CCOCC4,,,,,,0.023,,FALSE,-7.638272164,,FALSE,External,https://doi.org/10.1101/2020.04.16.044016,
apixaban,COC1=CC=C(C=C1)N2C3=C(CCN(C3=O)C4=CC=C(C=C4)N5CCCCC5=O)C(=N2)C(=O)N,coagulation factor inhibitor,F10,Launched,,,5.91,,FALSE,-5.228412519,18.07,FALSE,Calibration,10.21203/rs.3.rs-23951/v1,
AR-A014418,COc1ccc(CNC(=O)Nc2ncc([N+](=O)[O-])s2)cc1,glycogen synthase kinase inhibitor,GSK3B,Preclinical,,,10,,FALSE,-5,,TRUE,External,NCATS_confirmed,
arbidol,CCOC(=O)C1=C(N(C2=CC(=C(C(=C21)CN(C)C)O)Br)C)CSC3=CC=CC=C3,cytochrome P450 inhibitor,CYP3A4,Launched,,,10.7,,FALSE,-4.970616222,>40,FALSE,Calibration,https://doi.org/10.1101/2020.04.03.023846,
astemizole,COC1=CC=C(C=C1)CCN2CCC(CC2)NC3=NC4=CC=CC=C4N3CC5=CC=C(C=C5)F,histamine receptor antagonist,HRH1|KCNH1|KCNH2,Withdrawn,4.88,5.59,1.1,-5.281083314,TRUE,-5.507591895,,TRUE,Calibration,https://www.sciencedirect.com/science/article/pii/S1359644620300416,https://doi.org/10.1101/2020.04.16.044016
atazanavir,CC(C)(C)[C@@H](C(=O)N[C@@H](CC1=CC=CC=C1)[C@H](CN(CC2=CC=C(C=C2)C3=CC=CC=N3)NC(=O)[C@H](C(C)(C)C)NC(=O)OC)O)NC(=O)OC,HIV protease inhibitor,,Launched,,,9.36,,FALSE,-5.028724151,>50,FALSE,Calibration,https://doi.org/10.1101/2020.04.06.026476,
avasimibe,CC(C)C1=C(C(=CC=C1)C(C)C)OS(=O)(=O)NC(=O)CC2=C(C=C(C=C2C(C)C)C(C)C)C(C)C,ACAT inhibitor,CES1,Phase 3,,,3.93,,FALSE,-5.40560745,13.71,FALSE,Calibration,10.21203/rs.3.rs-23951/v1,
avatrombopag,C1CCC(CC1)N2CCN(CC2)C3=C(N=C(S3)NC(=O)C4=CC(=C(N=C4)N5CCC(CC5)C(=O)O)Cl)C6=CC(=CS6)Cl,thrombopoietin receptor agonist,MPL,Launched,,,5.71,,FALSE,-5.243363892,20.86,FALSE,Calibration,10.21203/rs.3.rs-23951/v1,
AVN-944,CC[C@H](CC#N)OC(=O)N[C@@H](C)c1cccc(NC(=O)Nc2ccc(-c3cnco3)c(OC)c2)c1,inosine monophosphate dehydrogenase inhibitor,IMPDH1|IMPDH2,Phase 2,,,11.220185,,FALSE,-4.949999982,,FALSE,Calibration,NCATS_confirmed,
azithromycine,CC[C@@H]1[C@@]([C@@H]([C@H](N(C[C@@H](C[C@@]([C@@H]([C@H]([C@@H]([C@H](C(=O)O1)C)O[C@H]2C[C@@]([C@H]([C@@H](O2)C)O)(C)OC)C)O[C@H]3[C@@H]([C@H](C[C@H](O3)C)N(C)C)O)(C)O)C)C)C)O)(C)O,,,,,,2.12,,FALSE,-5.673664139,>40,FALSE,External,https://doi.org/10.1101/2020.04.03.023846,
bazedoxifene,CC1=C(N(C2=C1C=C(C=C2)O)CC3=CC=C(C=C3)OCCN4CCCCCC4)C5=CC=C(C=C5)O,selective estrogen receptor modulator (SERM),ESR1|ESR2,Launched,,,3.44,,FALSE,-5.463441557,14.97,FALSE,External,https://doi.org/10.1101/2020.03.20.999730,
benztropine-mesylate,CN1[C@@H]2CC[C@H]1CC(C2)OC(C3=CC=CC=C3)C4=CC=CC=C4.CS(=O)(=O)O,acetylcholine receptor antagonist,CHRM1|HRH1|SLC6A3,Launched,,,17.79,,FALSE,-4.749824052,>50,FALSE,Calibration,https://doi.org/10.1101/2020.03.25.008482,
bepridil,CC(C)COCC(CN(Cc1ccccc1)c1ccccc1)N1CCCC1,calcium channel blocker,KCNQ4,Launched,,,11.220185,,FALSE,-4.949999982,,TRUE,Calibration,NCATS_confirmed,
berbamine-hydrochloride,CN1CCC2=CC(=C3C=C2C1CC4=CC=C(C=C4)OC5=C(C=CC(=C5)CC6C7=C(O3)C(=C(C=C7CCN6C)OC)OC)O)OC.Cl,,,,,,7.87,,FALSE,-5.104025268,>50,FALSE,Calibration,https://doi.org/10.1101/2020.03.20.999730,
bifemelane,CNCCCCOc1ccccc1Cc1ccccc1,acetylcholine release enhancer,MAOA|MAOB,Launched,,,10,,FALSE,-5,,TRUE,Calibration,NCATS_confirmed,
BIIB-021,COc1c(C)cnc(Cn2cnc3c(Cl)nc(N)nc32)c1C,,,,,,2.238721,,FALSE,-5.650000027,,FALSE,Calibration,NCATS_confirmed,
BMS-599626,Cc1c(NC(=O)OC[C@@H]2COCCN2)cn2ncnc(Nc3ccc4c(cnn4Cc4cccc(F)c4)c3)c12,EGFR inhibitor|protein tyrosine kinase inhibitor,EGFR|ERBB2|ERBB4,Phase 1,,,11.220185,,FALSE,-4.949999982,,FALSE,Calibration,NCATS_confirmed,
bp-897,COC1=CC=CC=C1N2CCN(CC2)CCCCNC(=O)C3=CC4=CC=CC=C4C=C3,,,,,,18.95,,FALSE,-4.722390786,30.03,FALSE,External,10.21203/rs.3.rs-23951/v1,
BRD-K90999434,O=C(CN1C2=NCCN2c2ccccc21)c1ccc(-c2ccccc2)cc1,,,,,,7.943282,,FALSE,-5.100000019,,FALSE,Calibration,NCATS_confirmed,
brexpiprazole,C1CN(CCN1CCCCOC2=CC3=C(C=C2)C=CC(=O)N3)C4=C5C=CSC5=CC=C4,dopamine receptor partial agonist,DRD2,Launched,,,16.04,,FALSE,-4.794795636,50.57,FALSE,External,10.21203/rs.3.rs-23951/v1,
BS-181,CC(C)c1cnn2c(NCc3ccccc3)cc(NCCCCCCN)nc12,CDK inhibitor,CDK7,Preclinical,,,10,,FALSE,-5,,FALSE,Calibration,NCATS_confirmed,
camostat,CN(C)C(=O)COC(=O)CC1=CC=C(C=C1)OC(=O)C2=CC=C(C=C2)N=C(N)N,,,,,,0.64,,FALSE,-6.193820026,>20,FALSE,Calibration,10.21203/rs.3.rs-23951/v1,
carboxyamidotriazole,C1=CC(=CC=C1C(=O)C2=C(C=C(C=C2Cl)CN3C(=C(N=N3)C(=O)N)N)Cl)Cl,calcium channel blocker,CXCL8,Phase 3,,,0.09,,FALSE,-7.045757491,0.11,FALSE,External,10.21203/rs.3.rs-23951/v1,
cbipes,CCS(=O)(=O)N(CC1=CN=CC=C1)C2=CC=CC(=C2)C3=CC=C(C=C3)C#N,,,,,,17.05,,FALSE,-4.768275617,13.4,FALSE,External,10.21203/rs.3.rs-23951/v1,
cc-223,CC(C)(C1=NC=C(C=C1)C2=CN=C3C(=N2)N(C(=O)CN3)C4CCC(CC4)OC)O,,,,,,16.78,,FALSE,-4.775208044,9.49,FALSE,External,10.21203/rs.3.rs-23951/v1,
celecoxib,Cc1ccc(-c2cc(C(F)(F)F)nn2-c2ccc(S(N)(=O)=O)cc2)cc1,cyclooxygenase inhibitor,CA12|PDPK1|PTGS2,Launched,,,11.220185,,FALSE,-4.949999982,,TRUE,External,NCATS_confirmed,
cepharanthine,CN1CCC2=CC3=C(C4=C2[C@@H]1CC5=CC=C(C=C5)OC6=C(C=CC(=C6)C[C@@H]7C8=CC(=C(C=C8CCN7C)OC)O4)OC)OCO3,NFkB pathway inhibitor,,Phase 2,,,4.47,,FALSE,-5.349692477,>50,FALSE,External,https://doi.org/10.1101/2020.03.20.999730,
cetylpyridinium,CCCCCCCCCCCCCCCC[N+]1=CC=CC=C1,,,Launched,,,0.62,,FALSE,-6.207608311,0.66,FALSE,Calibration,10.21203/rs.3.rs-23951/v1,
CGP-60474,OCCCNc1cc(-c2ccnc(Nc3cccc(Cl)c3)n2)ccn1,CDK inhibitor,CDK1|CDK2,Preclinical,,,6.309573,,FALSE,-5.200000031,,TRUE,External,NCATS_confirmed,
chlorcyclizine,CN1CCN(C(c2ccccc2)c2ccc(Cl)cc2)CC1,histamine receptor antagonist,,Launched,,,12.589254,,FALSE,-4.900000004,,TRUE,External,NCATS_confirmed,
chlormidazole,CC1=NC2=CC=CC=C2N1CC3=CC=C(C=C3)Cl,fungal lanosterol demethylase inhibitor,,Launched,,,1.89,,FALSE,-5.723538196,0.88,FALSE,Calibration,10.21203/rs.3.rs-23951/v1,
chloroquine,CCN(CC)CCCC(C)NC1=C2C=CC(=CC2=NC=C1)Cl,antimalarial agent,MRGPRX1,Launched,3,,1.13,-5.685079944,TRUE,-5.734900151,>37.5,TRUE,Calibration,https://www.sciencedirect.com/science/article/pii/S1359644620300416,
chloroxine,Oc1c(Cl)cc(Cl)c2cccnc12,opioid receptor antagonist,OPRK1,Launched,,,11.220185,,FALSE,-4.949999982,,TRUE,External,NCATS_confirmed,
chlorphenoxamine-hydrochloride,CC(C1=CC=CC=C1)(C2=CC=C(C=C2)Cl)OCCN(C)C.Cl,histamine receptor antagonist,,,12.64,20.03,4.03,,FALSE,-4.997088977,,FALSE,Calibration,,https://doi.org/10.1101/2020.03.25.008482
chlorpromazine,CN(C)CCCN1c2ccccc2Sc2ccc(Cl)cc21,dopamine receptor antagonist,ADRA1A|ADRA1B|ADRA1D|ADRA2A|ADRA2B|ADRA2C|CALM1|CHRM1|CHRM3|DRD1|DRD2|DRD3|DRD4|DRD5|HRH1|HRH4|HTR1A|HTR2A|HTR2B|HTR2C|HTR6|HTR7|KCNH2|ORM1|ORM2|SMPD1|TRPC5,Launched,,,12.589254,-5.30980392,TRUE,-4.900000004,,TRUE,Calibration,NCATS_confirmed,
ciclesonide,CC(C)C(=O)OCC(=O)[C@@]12[C@@H](C[C@@H]3[C@@]1(C[C@@H]([C@H]4[C@H]3CCC5=CC(=O)C=C[C@]45C)O)C)O[C@H](O2)C6CCCCC6,glucocorticoid receptor agonist,NR3C1|SERPINA6,Launched,,,4.33,,FALSE,-5.363512104,>50,FALSE,Calibration,https://doi.org/10.1101/2020.03.20.999730,
ciclopirox,Cc1cc(C2CCCCC2)n(O)c(=O)c1,membrane integrity inhibitor,ATP1A1,Launched,,,8.912509,,FALSE,-5.050000019,,TRUE,External,NCATS_confirmed,
cinchocaine,CCCCOc1cc(C(=O)NCCN(CC)CC)c2ccccc2n1,sodium channel blocker,CALM1|SCN10A|SCN5A,Launched,,,12.589254,,FALSE,-4.900000004,,TRUE,Calibration,NCATS_confirmed,
clemizole,C1CCN(C1)CC2=NC3=CC=CC=C3N2CC4=CC=C(C=C4)Cl,HCV inhibitor,,Launched,,,23.94,,FALSE,-4.620875854,>40,TRUE,External,https://doi.org/10.1101/2020.04.03.023846,
clioquinol,Oc1c(I)cc(Cl)c2cccnc12,chelating agent,OPRK1,Withdrawn,,,6.309573,,FALSE,-5.200000031,,TRUE,Calibration,NCATS_confirmed,
cloconazole,C=C(C1=CC=CC=C1OCC2=CC(=CC=C2)Cl)N3C=CN=C3,,,,,,18.92,,FALSE,-4.723078868,33,FALSE,Calibration,10.21203/rs.3.rs-23951/v1,
clomiphene-citrate,CCN(CC)CCOC1=CC=C(C=C1)C(=C(C2=CC=CC=C2)Cl)C3=CC=CC=C3.C(C(=O)O)C(CC(=O)O)(C(=O)O)O,,,,,,5.36,,FALSE,-5.27083521,15.01,FALSE,Calibration,https://doi.org/10.1101/2020.03.20.999730,
clomipramine,CN(C)CCCN1C2=CC=CC=C2CCC3=C1C=C(C=C3)Cl,serotonin transporter (SERT) inhibitor,GSTP1|HTR2A|HTR2B|HTR2C|SLC6A2|SLC6A3|SLC6A4,Launched,9.33,13.23,7.59,-4.9476909,TRUE,-5.009438912,>30,TRUE,External,https://www.sciencedirect.com/science/article/pii/S1359644620300416,https://doi.org/10.1101/2020.03.25.008482
cyclosporine,CC[C@H]1C(=O)N(CC(=O)N([C@H](C(=O)N[C@H](C(=O)N([C@H](C(=O)N[C@H](C(=O)N[C@@H](C(=O)N([C@H](C(=O)N([C@H](C(=O)N([C@H](C(=O)N([C@H](C(=O)N1)[C@@H]([C@H](C)C/C=C/C)O)C)C(C)C)C)CC(C)C)C)CC(C)C)C)C)C)CC(C)C)C)C(C)C)CC(C)C)C)C,calcineurin inhibitor,,,,,5.82,,FALSE,-5.235077015,>50,FALSE,External,https://www.sciencedirect.com/science/article/pii/S1359644620300416,https://doi.org/10.1101/2020.03.20.999730
dapivirine,CC1=CC(=C(C(=C1)C)NC2=NC(=NC=C2)NC3=CC=C(C=C3)C#N)C,non-nucleoside reverse transcriptase inhibitor,CYP3A4|CYP3A5,Phase 3,,,0.73,,FALSE,-6.13667714,5,FALSE,Calibration,10.21203/rs.3.rs-23951/v1,
darapladib,CCN(CC)CCN(Cc1ccc(-c2ccc(C(F)(F)F)cc2)cc1)C(=O)Cn1c(SCc2ccc(F)cc2)nc(=O)c2c1CCC2,phospholipase inhibitor,PLA2G7,Phase 3,,,2.818383,,FALSE,-5.549999989,,FALSE,External,NCATS_confirmed,
darunavir,CC(C)CN(C[C@H]([C@H](CC1=CC=CC=C1)NC(=O)O[C@H]2CO[C@@H]3[C@H]2CCO3)O)S(=O)(=O)C4=CC=C(C=C4)N,HIV protease inhibitor,CYP3A4,Launched,,,46.41,,FALSE,-4.333388432,>81,FALSE,External,https://doi.org/10.1101/2020.04.06.026476,
dasatinib,CC1=C(C(=CC=C1)Cl)NC(=O)C2=CN=C(S2)NC3=CC(=NC(=N3)C)N4CCN(CC4)CCO,Bcr-Abl kinase inhibitor|ephrin inhibitor|KIT inhibitor|PDGFR tyrosine kinase receptor inhibitor|SRC inhibitor|tyrosine kinase inhibitor,ABL1|ABL2|BLK|EPHA2|FGR|FRK|FYN|HCK|KIT|LCK|LYN|PDGFRB|SRC|SRMS|STAT5B|YES1,Launched,5.46,2.1,,-5.4225082,TRUE,-5.470294031,>10,TRUE,External,https://www.sciencedirect.com/science/article/pii/S1359644620300416,
dcpib,CCCCC1(CC2=CC(=C(C(=C2C1=O)Cl)Cl)OCCCC(=O)O)C3CCCC3,chloride channel blocker|gap junction modulator|glutamate inhibitor,,,,,12.78,,FALSE,-4.893469146,24.55,FALSE,Calibration,10.21203/rs.3.rs-23951/v1,
desloratadine,Clc1ccc2c(c1)CCc1cccnc1C2=C1CCNCC1,histamine receptor antagonist,HRH1,Launched,,,10,,FALSE,-5,,TRUE,External,NCATS_confirmed,
digitoxin,C[C@@H]1[C@H]([C@H](C[C@@H](O1)O[C@@H]2[C@H](O[C@H](C[C@@H]2O)O[C@@H]3[C@H](O[C@H](C[C@@H]3O)O[C@H]4CC[C@]5([C@@H](C4)CC[C@@H]6[C@@H]5CC[C@]7([C@@]6(CC[C@@H]7C8=CC(=O)OC8)O)C)C)C)C)O)O,ATPase inhibitor,ATP1A1|ATP1A2|ATP1A3|ATP1A4|ATP1B1|ATP1B2|ATP1B3|FXYD2,Launched,,,0.23,,FALSE,-6.638272164,>50,TRUE,External,https://doi.org/10.1101/2020.03.20.999730,
digoxin,C[C@@H]1[C@H]([C@H](C[C@@H](O1)O[C@@H]2[C@H](O[C@H](C[C@@H]2O)O[C@@H]3[C@H](O[C@H](C[C@@H]3O)O[C@H]4CC[C@]5([C@@H](C4)CC[C@@H]6[C@@H]5C[C@H]([C@]7([C@@]6(CC[C@@H]7C8=CC(=O)OC8)O)C)O)C)C)C)O)O,ATPase inhibitor,ATP1A1,Launched,,,0.19,,FALSE,-6.721246399,>50,TRUE,Calibration,https://doi.org/10.1101/2020.03.20.999730,
dihydrogambogic-acid,CC(=CCCC1(C=CC2=C(C3=C(C(=C2O1)CC=C(C)C)OC45C6CC(C=C4C3=O)C(C5(OC6(C)C)C/C=C(/C)\C(=O)O)O)O)C)C,,,,,,13.37,,FALSE,-4.873868593,9.85,FALSE,Calibration,https://doi.org/10.1101/2020.03.20.999730,
dolutegravir,C[C@@H]1CCO[C@@H]2N1C(=O)C3=C(C(=O)C(=CN3C2)C(=O)NCC4=C(C=C(C=C4)F)F)O,HIV integrase inhibitor,CYP3A4|CYP3A5|CYP3A7|POU2F2|UGT1A1,Launched,,,22.04,,FALSE,-4.65678841,>40,FALSE,External,https://doi.org/10.1101/2020.04.03.023846,
droloxifene,CC/C(=C(/C1=CC=C(C=C1)OCCN(C)C)\C2=CC(=CC=C2)O)/C3=CC=CC=C3,selective estrogen receptor modulator (SERM),ESR1,Phase 3,,,6.6,,FALSE,-5.180456064,15.82,FALSE,External,https://doi.org/10.1101/2020.03.20.999730,
dronedarone,CCCCC1=C(C2=C(O1)C=CC(=C2)NS(=O)(=O)C)C(=O)C3=CC=C(C=C3)OCCCN(CCCC)CCCC,adrenergic receptor antagonist,ADRA1A|ADRA1B|ADRA1D|ADRA2A|ADRA2B|ADRA2C|ADRB1|CACNA1C|CACNA1D|CACNA1F|CACNA1S|CACNB1|CACNB2|CACNB3|CACNB4|KCNA5|KCNH2|KCNK2|SCN1A,Launched,,,3.92,,FALSE,-5.406713933,8.75,FALSE,External,https://doi.org/10.1101/2020.03.20.999730,
drotaverine,CCOC1=C(C=C(C=C1)/C=C\2/C3=CC(=C(C=C3CCN2)OCC)OCC)OCC,phosphodiesterase inhibitor,,Launched,,,6.07,,FALSE,-5.216811309,9,FALSE,Calibration,10.21203/rs.3.rs-23951/v1,
E-64-D,CCOC(=O)C1C(O1)C(=O)NC(CC(C)C)C(=O)NCCC(C)C,cathepsin inhibitor,,,1.27,0.76,,,FALSE,-6.007691343,,FALSE,Calibration,https://www.sciencedirect.com/science/article/pii/S1359644620300416,
ebastine,CC(C)(C)C1=CC=C(C=C1)C(=O)CCCN2CCC(CC2)OC(C3=CC=CC=C3)C4=CC=CC=C4,histamine receptor antagonist,CYP3A4|HRH1,Launched,,,6.92,,FALSE,-5.159893906,15.42,FALSE,External,https://doi.org/10.1101/2020.03.20.999730,
efavirenz,O=C1Nc2ccc(Cl)cc2[C@@](C#CC2CC2)(C(F)(F)F)O1,HIV protease inhibitor,CYP1A2|CYP2B6|CYP2C19|CYP2C9|CYP2D6|CYP3A4,Launched,,,14.125375,,FALSE,-4.850000014,,TRUE,External,NCATS_confirmed,
elopiprazole,C1CN(CCN1CC2=CC=C(N2)C3=CC=C(C=C3)F)C4=CC=CC5=C4OC=C5,,,,,,1.1,,FALSE,-5.958607315,,FALSE,Calibration,https://doi.org/10.1101/2020.04.16.044016,
eltrombopag,CC1=C(C=C(C=C1)N2C(=O)C(=C(N2)C)N=NC3=CC=CC(=C3O)C4=CC(=CC=C4)C(=O)O)C,thrombopoietin receptor agonist,MPL,Launched,,,8.27,,FALSE,-5.08249449,>50,FALSE,External,https://doi.org/10.1101/2020.03.20.999730,
emetine,CC[C@H]1CN2CCC3=CC(=C(C=C3[C@@H]2C[C@@H]1C[C@@H]4C5=CC(=C(C=C5CCN4)OC)OC)OC)OC,protein synthesis inhibitor,RPS2,Phase 2,0.34,,0.46,-6.468521083,TRUE,-6.402881626,56.46,TRUE,External,https://www.sciencedirect.com/science/article/pii/S1359644620300416,https://www.sciencedirect.com/science/article/pii/S016635422030200X
ethaverine,CCOC1=C(C=C(C=C1)CC2=NC=CC3=CC(=C(C=C32)OCC)OCC)OCC,calcium channel blocker,,Launched,,,0.64,,FALSE,-6.193820026,11.04,TRUE,Calibration,10.21203/rs.3.rs-23951/v1,
etifoxine,CCN=C1NC2=C(C=C(C=C2)Cl)C(O1)(C)C3=CC=CC=C3,GABA receptor modulator,GABRA1|GABRA2|GABRA3|GABRA5,Launched,,,20.64,,FALSE,-4.685290307,43.53,FALSE,Calibration,10.21203/rs.3.rs-23951/v1,
flumatinib,Cc1ncc(NC(=O)c2ccc(CN3CCN(C)CC3)c(C(F)(F)F)c2)cc1Nc1nccc(-c2cccnc2)n1,Bcr-Abl kinase inhibitor,ABL1|PDGFRB,Phase 3,,,12.589254,,FALSE,-4.900000004,,FALSE,Calibration,NCATS_confirmed,
flunarizine,C1CN(CCN1C/C=C/C2=CC=CC=C2)C(C3=CC=C(C=C3)F)C4=CC=C(C=C4)F,calcium channel blocker,CACNA1G|CACNA1H|CACNA1I|CALM1|HRH1,Launched,,,19.05,,FALSE,-4.72010502,136.76,TRUE,External,10.21203/rs.3.rs-23951/v1,
fluphenazine,C1CN(CCN1CCCN2C3=CC=CC=C3SC4=C2C=C(C=C4)C(F)(F)F)CCO,dopamine receptor antagonist,CALM1|DRD1|DRD2|DRD5|HRH1|HTR2A|HTR6|HTR7,Launched,5.86,21.43,8.98,-4.86502646,TRUE,-4.982601292,20.02,TRUE,External,https://www.sciencedirect.com/science/article/pii/S1359644620300416,https://doi.org/10.1101/2020.03.25.008482
fluspirilene,C1CN(CCC12C(=O)NCN2C3=CC=CC=C3)CCCC(C4=CC=C(C=C4)F)C5=CC=C(C=C5)F,dopamine receptor antagonist,CACNG1|DRD2|HRH1|HTR1A|HTR1D|HTR1E|HTR2A,Launched,7.47,5.96,5.32,-5.172953983,TRUE,-5.208507169,30.33,TRUE,External,https://www.sciencedirect.com/science/article/pii/S1359644620300416,https://doi.org/10.1101/2020.03.25.008482
gilteritinib,CCC1=C(N=C(C(=N1)C(=O)N)NC2=CC(=C(C=C2)N3CCC(CC3)N4CCN(CC4)C)OC)NC5CCOCC5,FLT3 inhibitor,FLT3,Launched,,,6.76,,FALSE,-5.170053304,37.16,FALSE,Calibration,https://doi.org/10.1101/2020.03.20.999730,
GNF-2,NC(=O)c1cccc(-c2cc(Nc3ccc(OC(F)(F)F)cc3)ncn2)c1,Bcr-Abl kinase inhibitor,ABL1|BCR,Preclinical,,,11.220185,,FALSE,-4.949999982,,TRUE,External,NCATS_confirmed,
gsk2606414,CN1C=C(C2=C(N=CN=C21)N)C3=CC4=C(C=C3)N(CC4)C(=O)CC5=CC(=CC=C5)C(F)(F)F,,,,,,0.25,,FALSE,-6.602059991,70.35,FALSE,External,10.21203/rs.3.rs-23951/v1,
GW-4064,CC(C)c1onc(-c2c(Cl)cccc2Cl)c1COc1ccc(/C=C/c2cccc(C(=O)O)c2)c(Cl)c1,FXR agonist,NR1H4,Preclinical,,,12.589254,,FALSE,-4.900000004,,TRUE,External,NCATS_confirmed,
hanfangchin-a,CN1CCC2=CC(=C(C3=C2[C@@H]1CC4=CC(=C(C=C4)OC)OC5=CC=C(CC6C7=CC(=C(C=C7CCN6C)OC)O3)C=C5)OC)OC,,,,,,1.1,,FALSE,-5.958607315,,FALSE,External,https://doi.org/10.1101/2020.04.16.044016,
harringtonine,CC(C)(CC[C@@](CC(=O)OC)(C(=O)O[C@H]1[C@H]2C3=CC4=C(C=C3CCN5[C@@]2(CCC5)C=C1OC)OCO4)O)O,protein synthesis inhibitor,,Phase 3,,,19,,FALSE,-4.721246399,0.07,FALSE,External,10.21203/rs.3.rs-23951/v1,
hematoporphyrin,CC1=C(C2=CC3=NC(=CC4=NC(=CC5=C(C(=C(N5)C=C1N2)C(C)O)C)C(=C4CCC(=O)O)C)C(=C3C)CCC(=O)O)C(C)O,,,Launched,,,1.85,,FALSE,-5.732828272,160.08,FALSE,Calibration,10.21203/rs.3.rs-23951/v1,
hexachlorophene,C1=C(C(=C(C(=C1Cl)Cl)CC2=C(C(=CC(=C2Cl)Cl)Cl)O)O)Cl,potassium channel activator,GLUD1|SDHD,Launched,,,0.9,,FALSE,-6.045757491,19.3,TRUE,Calibration,https://doi.org/10.1101/2020.03.20.999730,
homochlorcyclizine,CN1CCCN(C(c2ccccc2)c2ccc(Cl)cc2)CC1,antihistamine,HRH1,Launched,,,10,,FALSE,-5,,TRUE,External,NCATS_confirmed,
homoharringtonine,CC(C)(CCC[C@@](CC(=O)OC)(C(=O)O[C@H]1[C@H]2C3=CC4=C(C=C3CCN5[C@@]2(CCC5)C=C1OC)OCO4)O)O,protein synthesis inhibitor,RPL3,Launched,,,4.71,,FALSE,-5.326979093,30.74,TRUE,External,10.21203/rs.3.rs-23951/v1,https://www.sciencedirect.com/science/article/pii/S016635422030200X
hydroxychloroquine,CCN(CCCC(C)NC1=C2C=CC(=CC2=NC=C1)Cl)CCO,antimalarial agent,TLR7|TLR9,Launched,,,11.17,,FALSE,-4.951946827,>40,TRUE,Calibration,https://doi.org/10.1101/2020.03.25.008482,
hydroxyprogesterone-caproate,CCCCCC(=O)O[C@@]1(CC[C@@H]2[C@@]1(CC[C@H]3[C@H]2CCC4=CC(=O)CC[C@]34C)C)C(=O)C,progesterone receptor agonist,,,,,6.3,,FALSE,-5.200659451,>50,FALSE,Calibration,https://doi.org/10.1101/2020.03.20.999730,
IKK-16,O=C(c1ccc(Nc2nccc(-c3cc4ccccc4s3)n2)cc1)N1CCC(N2CCCC2)CC1,IKK inhibitor,IKBKB,Preclinical,,,3.548134,,FALSE,-5.449999987,,TRUE,Calibration,NCATS_confirmed,
iloperidone,COc1cc(C(C)=O)ccc1OCCCN1CCC(c2noc3cc(F)ccc23)CC1,dopamine receptor antagonist|serotonin receptor antagonist,ADRA1A|ADRA2C|DRD1|DRD2|DRD3|DRD4|HRH1|HTR1A|HTR2A|HTR6|HTR7,Launched,,,12.589254,,FALSE,-4.900000004,,TRUE,External,NCATS_confirmed,
imatinib,CC1=C(C=C(C=C1)NC(=O)C2=CC=C(C=C2)CN3CCN(CC3)C)NC4=NC=CC(=N4)C5=CN=CC=C5,Bcr-Abl kinase inhibitor|KIT inhibitor|PDGFR tyrosine kinase receptor inhibitor,ABL1|CSF1R|DDR1|KIT|NTRK1|PDGFRA|PDGFRB|RET,Launched,17.68,9.82,5.32,-4.861697302,TRUE,-5.011498206,>30.86,TRUE,External,https://www.sciencedirect.com/science/article/pii/S1359644620300416,https://doi.org/10.1101/2020.03.25.008482
imipramine,CN(C)CCCN1c2ccccc2CCc2ccccc21,norepinephrine reputake inhibitor|serotonin reuptake inhibitor,ADRA1A|ADRA1B|ADRA1D|CHRM1|CHRM2|CHRM3|CHRM4|CHRM5|DRD1|DRD2|DRD5|HRH1|HTR1A|HTR2A|HTR2C|HTR6|HTR7|KCND2|KCND3|KCNH1|KCNH2|SLC6A2|SLC6A3|SLC6A4,Launched,,,12.589254,,FALSE,-4.900000004,,TRUE,Calibration,NCATS_confirmed,
ipag,C1C2CC3CC1CC(C2)C3N=C(N)NC4=CC=C(C=C4)I,,,,,,5.96,,FALSE,-5.22475374,11.48,FALSE,External,10.21203/rs.3.rs-23951/v1,
isoosajin,CC1(CCC2=C3C(=C4C(=C2O1)C(=O)C(=CO4)C5=CC=C(C=C5)O)C=CC(O3)(C)C)C,,,,,,3.22,,FALSE,-5.492144128,9.89,FALSE,External,https://doi.org/10.1101/2020.03.20.999730,
isopomiferin,CC1(CCC2=C3C(=C4C(=C2O1)C(=O)C(=CO4)C5=CC(=C(C=C5)O)O)C=CC(O3)(C)C)C,,,,,,4.51,,FALSE,-5.345823458,14.25,FALSE,External,https://doi.org/10.1101/2020.03.20.999730,
ivacaftor,CC(C)(C)C1=CC(=C(C=C1NC(=O)C2=CNC3=CC=CC=C3C2=O)O)C(C)(C)C,CFTR channel potentiator,CFTR,Launched,,,6.57,,FALSE,-5.18243463,12.47,FALSE,Calibration,https://doi.org/10.1101/2020.03.20.999730,
ivermectin,CC[C@H](C)[C@@H]1[C@H](CC[C@@]2(O1)C[C@@H]3C[C@H](O2)C/C=C(/[C@H]([C@H](/C=C/C=C/4\CO[C@H]5[C@@]4([C@@H](C=C([C@H]5O)C)C(=O)O3)O)C)O[C@H]6C[C@@H]([C@H]([C@@H](O6)C)O[C@H]7C[C@@H]([C@H]([C@@H](O7)C)O)OC)OC)\C)C,benzodiazepine receptor agonist,CHRNA7|P2RX7,Launched,,,2,,FALSE,-5.698970004,6.75,TRUE,Calibration,https://www.sciencedirect.com/science/article/pii/S0166354220302011,
jte-013,CC1=NN(C2=C1C(=CC(=N2)NNC(=O)NC3=CC(=NC(=C3)Cl)Cl)C(C)C)C,,,,,,5.97,,FALSE,-5.224025669,16.45,FALSE,External,10.21203/rs.3.rs-23951/v1,
ketoconazole,CC(=O)N1CCN(CC1)C2=CC=C(C=C2)OC[C@H]3CO[C@](O3)(CN4C=CN=C4)C5=C(C=C(C=C5)Cl)Cl,sterol demethylase inhibitor,KCNA10,Launched,,,2.36,,FALSE,-5.627087997,28.62,TRUE,Calibration,10.21203/rs.3.rs-23951/v1,
KU-55933,O=c1cc(-c2cccc3c2Sc2ccccc2S3)oc(N2CCOCC2)c1,ATM kinase inhibitor,ATM|PRKDC,Preclinical,,,3.548134,,FALSE,-5.449999987,,TRUE,External,NCATS_confirmed,
kw-8232,CN(C)CCN1C2=CC=CC=C2C(=C1C(=O)N3CCN(CC3)C4=CC=CC=C4Cl)C(C5=CC=C(C=C5)O)C6=CC=C(C=C6)OS(=O)(=O)C,,,,,,1.2,,FALSE,-5.920818754,,FALSE,External,https://doi.org/10.1101/2020.04.16.044016,
lde225,C[C@@H]1CN(C[C@@H](O1)C)C2=NC=C(C=C2)NC(=O)C3=CC=CC(=C3C)C4=CC=C(C=C4)OC(F)(F)F,,,,,,10.67,,FALSE,-4.971835581,2.26,FALSE,Calibration,10.21203/rs.3.rs-23951/v1,
ldk378,CC1=CC(=C(C=C1C2CCNCC2)OC(C)C)NC3=NC=C(C(=N3)NC4=CC=CC=C4S(=O)(=O)C(C)C)Cl,,,,,,2.86,,FALSE,-5.543633967,6.84,FALSE,Calibration,https://doi.org/10.1101/2020.03.20.999730,
LGK-974,CC1=CC(=CN=C1C2=CC(=NC=C2)C)CC(=O)NC3=NC=C(C=C3)C4=NC=CN=C4,porcupine inhibitor,PORCN,Phase 2,,,3.27,,FALSE,-5.485452247,7.61,FALSE,External,10.21203/rs.3.rs-23951/v1,
lidoflazine,CC1=C(C(=CC=C1)C)NC(=O)CN2CCN(CC2)CCCC(C3=CC=C(C=C3)F)C4=CC=C(C=C4)F,calcium channel blocker,SCN1A|SCN3A|SLC29A1,Launched,,,17.39,,FALSE,-4.759700418,31.91,TRUE,Calibration,10.21203/rs.3.rs-23951/v1,
lonafarnib,C1CN(CCC1CC(=O)N2CCC(CC2)[C@@H]3C4=C(CCC5=C3N=CC(=C5)Br)C=C(C=C4Br)Cl)C(=O)N,farnesyltransferase inhibitor,FNTA|HRAS|KRAS|NRAS,Phase 3,,,5.68,,FALSE,-5.245651664,10.71,FALSE,Calibration,10.21203/rs.3.rs-23951/v1,
loperamide,CN(C)C(=O)C(CCN1CCC(CC1)(C2=CC=C(C=C2)Cl)O)(C3=CC=CC=C3)C4=CC=CC=C4,opioid receptor agonist,CACNA1A|CALM1|OPRD1|OPRK1|OPRM1|POMC,Launched,4.8,5.9,9.27,-5.271646218,TRUE,-5.193609006,29.26,TRUE,External,https://www.sciencedirect.com/science/article/pii/S1359644620300416,https://doi.org/10.1101/2020.03.20.999730
lopinavir,CC1=C(C(=CC=C1)C)OCC(=O)N[C@@H](CC2=CC=CC=C2)[C@H](C[C@H](CC3=CC=CC=C3)NC(=O)[C@H](C(C)C)N4CCCNC4=O)O,HIV protease inhibitor,,Launched,8,24.4,5.73,-4.790484985,TRUE,-4.983788522,>50,TRUE,Calibration,https://www.sciencedirect.com/science/article/pii/S1359644620300416,https://doi.org/10.1101/2020.04.06.026476
loratadine,CCOC(=O)N1CCC(=C2C3=C(CCC4=C2N=CC=C4)C=C(C=C3)Cl)CC1,histamine receptor antagonist,HRH1,Launched,,,15.13,,FALSE,-4.820161072,28.33,TRUE,Calibration,10.21203/rs.3.rs-23951/v1,
loteprednol,C[C@]12C[C@@H]([C@H]3[C@H]([C@@H]1CC[C@@]2(C(=O)OCCl)O)CCC4=CC(=O)C=C[C@]34C)O,glucocorticoid receptor agonist|phospholipase inhibitor,NR3C1,Launched,,,17.92,,FALSE,-4.746661995,49.03,TRUE,Calibration,10.21203/rs.3.rs-23951/v1,
lusutrombopag,CCCCCCO[C@@H](C)C1=CC=CC(=C1OC)C2=CSC(=N2)NC(=O)C3=CC(=C(C(=C3)Cl)/C=C(\C)/C(=O)O)Cl,thrombopoietin receptor agonist,,Launched,,,3.78,,FALSE,-5.4225082,14.61,FALSE,External,https://doi.org/10.1101/2020.03.20.999730,
LY-2228820,CC(C)(C)CN1C2=C(C=CC(=N2)C3=C(N=C(N3)C(C)(C)C)C4=CC=C(C=C4)F)N=C1N.CS(=O)(=O)O.CS(=O)(=O)O,p38 MAPK inhibitor,,,,,0.87,,FALSE,-6.060480747,56.2,FALSE,Calibration,10.21203/rs.3.rs-23951/v1,
mdl-28170,CC(C)[C@@H](C(=O)N[C@@H](CC1=CC=CC=C1)C=O)NC(=O)OCC2=CC=CC=C2,,,,,,0.22,,FALSE,-6.657577319,,FALSE,Calibration,https://doi.org/10.1101/2020.04.16.044016,
mefloquine,C1CCNC(C1)C(C2=CC(=NC3=C2C=CC=C3C(F)(F)F)C(F)(F)F)O,adenosine receptor antagonist|hemoglobin antagonist,,Launched,7.41,15.55,8.06,-4.940058112,TRUE,-5.010705452,18.53,TRUE,Calibration,https://www.sciencedirect.com/science/article/pii/S1359644620300416,https://doi.org/10.1101/2020.03.25.008482
mequitazine,C1CN2CCC1C(C2)CN3C4=CC=CC=C4SC5=CC=CC=C53,,,,,,7.28,,FALSE,-5.137868621,27.34,FALSE,External,https://doi.org/10.1101/2020.03.20.999730,
methylene-blue,CN(C)C1=CC2=C(C=C1)N=C3C=CC(=[N+](C)C)C=C3S2.[Cl-],guanylyl cyclase inhibitor|nitric oxide production inhibitor,ACHE,Launched,,,2.03,,FALSE,-5.692503962,7.25,TRUE,Calibration,10.21203/rs.3.rs-23951/v1,
mibampator,C[C@@H](CNS(=O)(=O)C(C)C)C1=CC=C(C=C1)C2=CC=C(C=C2)CCNS(=O)(=O)C,glutamate receptor modulator,GRIA1,Phase 2,,,3.28,,FALSE,-5.484126156,8.66,FALSE,External,10.21203/rs.3.rs-23951/v1,
mln-3897,CC1(CN(CCC1(C2=CC=C(C=C2)Cl)O)CC/C=C/3\C4=C(COC5=C3C=C(C=C5)C(C)(C)O)N=CC=C4)C,,,,,,0.14,,FALSE,-6.853871964,,FALSE,Calibration,https://doi.org/10.1101/2020.04.16.044016,
N-tert-butylisoquine,CC(C)(C)NCC1=C(C=C(C=C1)NC2=C3C=CC(=CC3=NC=C2)Cl)O,,,,,,1.2,,FALSE,-5.920818754,,FALSE,Calibration,https://doi.org/10.1101/2020.04.16.044016,
Nafamostat,C1=CC(=CC=C1C(=O)OC2=CC3=C(C=C2)C=C(C=C3)C(=N)N)N=C(N)N,,,,,,22.5,,FALSE,-4.647817482,>20,FALSE,External,https://www.nature.com/articles/s41422-020-0282-0,10.21203/rs.3.rs-23951/v1
nelfinavir,CC1=C(C=CC=C1O)C(=O)N[C@@H](CSC2=CC=CC=C2)[C@@H](CN3C[C@H]4CCCC[C@H]4C[C@H]3C(=O)NC(C)(C)C)O,HIV protease inhibitor,CYP1A2|CYP2B6|CYP2C19|CYP2C9|CYP2D6|CYP3A4|CYP3A7,Launched,,,1.13,,FALSE,-5.946921557,,TRUE,Calibration,https://doi.org/10.1101/2020.04.06.026476,
niclosamide,C1=CC(=C(C=C1[N+](=O)[O-])Cl)NC(=O)C2=C(C=CC(=C2)Cl)O,DNA replication inhibitor|STAT inhibitor,STAT3,Launched,,2,0.28,-5.698970004,TRUE,-6.125905986,>50,TRUE,External,https://aac.asm.org/content/48/7/2693.long,https://doi.org/10.1101/2020.03.20.999730
nitazoxanide,CC(=O)OC1=CC=CC=C1C(=O)NC2=NC=C(S2)[N+](=O)[O-],pyruvate ferredoxin oxidoreductase inhibitor,,Launched,,,2.12,-5.673664139,TRUE,-5.673664139,>35.53,TRUE,External,https://www.nature.com/articles/s41422-020-0282-0,
nortriptyline,CNCCC=C1c2ccccc2CCc2ccccc21,tricyclic antidepressant,ADRA1A|ADRA1B|ADRA1D|ADRA2A|ADRA2B|ADRA2C|ADRB1|ADRB2|ADRB3|CHRM1|CHRM2|CHRM3|CHRM4|CHRM5|DRD2|HRH1|HTR1A|HTR2A|HTR2C|HTR6|KCNJ10|PGRMC1|SIGMAR1|SLC6A2|SLC6A4,Launched,,,12.589254,,FALSE,-4.900000004,,TRUE,Calibration,NCATS_confirmed,
nsc319726,C/C(=N\NC(=S)N1CCC1)/C2=CC=CC=N2,p53 activator,,,,,0.02,,FALSE,-7.698970004,0.02,FALSE,External,10.21203/rs.3.rs-23951/v1,
NVP-BHG712,Cc1ccc(C(=O)Nc2cccc(C(F)(F)F)c2)cc1Nc1nc(-c2cccnc2)nc2c1cnn2C,ephrin inhibitor,EPHB4,Preclinical,,,2.511886,,FALSE,-5.600000075,,FALSE,Calibration,NCATS_confirmed,
octenidine,CCCCCCCCN=C1C=CN(C=C1)CCCCCCCCCCN2C=CC(=NCCCCCCCC)C=C2,membrane integrity inhibitor,,Launched,,,1.65,,FALSE,-5.782516056,2.4,FALSE,External,10.21203/rs.3.rs-23951/v1,
omeprazole,CC1=CN=C(C(=C1OC)C)CS(=O)C2=NC3=C(N2)C=C(C=C3)OC,ATPase inhibitor,ATP4A|CLCN2,Launched,,,17.06,,FALSE,-4.768020973,>40,TRUE,Calibration,https://doi.org/10.1101/2020.04.03.023846,
ono-5334,C[C@@H]1CS/C(=N\NC(=O)C(=O)[C@H](C2CCOCC2)NC(=O)C3CCCCCC3)/N1C,,,,,,0.5,,FALSE,-6.301029996,,FALSE,External,https://doi.org/10.1101/2020.04.16.044016,
opipramol,C1CN(CCN1CCCN2C3=CC=CC=C3C=CC4=CC=CC=C42)CCO,sigma receptor agonist,,Launched,,,5.05,,FALSE,-5.296708622,>40,TRUE,Calibration,https://doi.org/10.1101/2020.04.03.023846,
osajin,CC(=CCC1=C2C(=C3C(=C1O)C(=O)C(=CO3)C4=CC=C(C=C4)O)C=CC(O2)(C)C)C,,,,,,3.87,,FALSE,-5.412289035,11.44,FALSE,Calibration,https://doi.org/10.1101/2020.03.20.999730,
osimertinib,CN1C=C(C2=CC=CC=C21)C3=NC(=NC=C3)NC4=C(C=C(C(=C4)NC(=O)C=C)N(C)CCN(C)C)OC,EGFR inhibitor,EGFR,Launched,,,3.26,,FALSE,-5.4867824,13.23,FALSE,External,https://doi.org/10.1101/2020.03.20.999730,
ouabain,C[C@H]1[C@@H]([C@H]([C@H]([C@@H](O1)O[C@H]2C[C@H]([C@@]3([C@@H]4[C@@H](CC[C@@]3(C2)O)[C@]5(CC[C@@H]([C@]5(C[C@H]4O)C)C6=CC(=O)OC6)O)CO)O)O)O)O,ATPase inhibitor,ATP1A1,Launched,inhibition 70% @ 50 nM,,0.097,,TRUE,-7.013228266,>50,TRUE,External,https://jvi.asm.org/content/89/8/4434.long,https://doi.org/10.1101/2020.03.20.999730
oxatomide,O=c1[nH]c2ccccc2n1CCCN1CCN(C(c2ccccc2)c2ccccc2)CC1,histamine receptor antagonist,HRH1,Launched,,,10,,FALSE,-5,,FALSE,External,NCATS_confirmed,
oxiconazole,C1=CC(=C(C=C1Cl)Cl)CO/N=C(\CN2C=CN=C2)/C3=C(C=C(C=C3)Cl)Cl,bacterial cell wall synthesis inhibitor,,Launched,,,20.82,,FALSE,-4.681519275,26.36,TRUE,Calibration,10.21203/rs.3.rs-23951/v1,
oxprenolol,CC(C)NCC(COC1=CC=CC=C1OCC=C)O,adrenergic receptor antagonist,ADRB1,Launched,,,20.22,,FALSE,-4.694218849,>40,TRUE,Calibration,https://doi.org/10.1101/2020.04.03.023846,
oxyclozanide,C1=C(C=C(C(=C1NC(=O)C2=C(C(=CC(=C2Cl)Cl)Cl)O)O)Cl)Cl,,,Launched,,,3.71,,FALSE,-5.43062609,>50,FALSE,External,https://doi.org/10.1101/2020.03.20.999730,
papaverine,COC1=C(C=C(C=C1)CC2=NC=CC3=CC(=C(C=C32)OC)OC)OC,phosphodiesterase inhibitor,PDE10A|PDE4B|PDE5A,Launched,,,1.1,,FALSE,-5.958607315,4.49,TRUE,External,10.21203/rs.3.rs-23951/v1,
penfluridol,C1CN(CCC1(C2=CC(=C(C=C2)Cl)C(F)(F)F)O)CCCC(C3=CC=C(C=C3)F)C4=CC=C(C=C4)F,T-type calcium channel blocker,CACNA1G,Launched,,,5.01,,FALSE,-5.300162274,8.77,TRUE,Calibration,https://doi.org/10.1101/2020.03.20.999730,
perhexiline,C1CCC(CC1)C(CC2CCCCN2)C3CCCCC3,carnitine palmitoyltransferase inhibitor,CPT1A,Launched,,,6.38,,FALSE,-5.195179321,8.67,TRUE,External,https://doi.org/10.1101/2020.03.20.999730,
pevonedistat,C1CC2=CC=CC=C2[C@H]1NC3=C4C=CN(C4=NC=N3)[C@@H]5C[C@H]([C@H](C5)O)COS(=O)(=O)N,nedd activating enzyme inhibitor,NAE1|UBA3,Phase 3,,,0.63,,FALSE,-6.200659451,222.44,TRUE,External,10.21203/rs.3.rs-23951/v1,
pexidartinib,C1=CC(=NC=C1CC2=CNC3=C2C=C(C=N3)Cl)NCC4=CN=C(C=C4)C(F)(F)F,tyrosine kinase inhibitor,CSF1R|FLT3|KIT,Launched,,,5.43,,FALSE,-5.26520017,41.53,FALSE,External,10.21203/rs.3.rs-23951/v1,
pf-670462,C1CCC(CC1)N2C=NC(=C2C3=NC(=NC=C3)N)C4=CC=C(C=C4)F.Cl.Cl,,,,,,19.23,,FALSE,-4.716020716,8.24,FALSE,External,10.21203/rs.3.rs-23951/v1,
ph-797804,CC1=C(C=C(C=C1)C(=O)NC)N2C(=CC(=C(C2=O)Br)OCC3=C(C=C(C=C3)F)F)C,,,,,,18.85,,FALSE,-4.724688645,19.97,FALSE,External,10.21203/rs.3.rs-23951/v1,
phenazopyridine,C1=CC=C(C=C1)N=NC2=C(N=C(C=C2)N)N,local anesthetic,SCN1A,Launched,1.93,,28,-5.714442691,TRUE,-5.13364233,>50,TRUE,Calibration,https://www.sciencedirect.com/science/article/pii/S1359644620300416,https://doi.org/10.1101/2020.03.20.999730
pizotifen,CN1CCC(=C2c3ccccc3CCc3sccc32)CC1,serotonin receptor antagonist,HTR1A|HTR2A|HTR2C,Launched,,,11.220185,,FALSE,-4.949999982,,TRUE,External,NCATS_confirmed,
polidocanol,CCCCCCCCCCCCOCCOCCOCCOCCOCCOCCOCCOCCOCCO,local anesthetic,,Launched,,,0.22,,FALSE,-6.657577319,10.3,FALSE,External,10.21203/rs.3.rs-23951/v1,
posaconazole,CC[C@@H]([C@H](C)O)N1C(=O)N(C=N1)C2=CC=C(C=C2)N3CCN(CC3)C4=CC=C(C=C4)OC[C@H]5C[C@](OC5)(CN6C=NC=N6)C7=C(C=C(C=C7)F)F,sterol demethylase inhibitor,CYP3A4,Launched,,,1.61,,FALSE,-5.793174124,14.64,FALSE,External,10.21203/rs.3.rs-23951/v1,
promethazine,CC(CN1C2=CC=CC=C2SC3=CC=CC=C31)N(C)C,histamine receptor antagonist,HRH1,Launched,11.8,7.54,10.44,-5.014573526,TRUE,-5.010682049,>42.59,TRUE,External,https://www.sciencedirect.com/science/article/pii/S1359644620300416,https://doi.org/10.1101/2020.03.25.008482
propafenone,CCCNCC(O)COc1ccccc1C(=O)CCc1ccccc1,antiarrhythmic,ADRB1|ADRB2|KCNA5|KCNH2,Launched,,,14.125375,,FALSE,-4.850000014,,TRUE,Calibration,NCATS_confirmed,
proscillaridin,C[C@H]1[C@@H]([C@H]([C@H]([C@@H](O1)O[C@H]2CC[C@@]3([C@H]4CC[C@@]5([C@H](CC[C@@]5([C@@H]4CCC3=C2)O)C6=COC(=O)C=C6)C)C)O)O)O,,,,,,2.04,,FALSE,-5.690369833,>50,FALSE,Calibration,https://doi.org/10.1101/2020.03.20.999730,
pyronaridine,COC1=NC2=C(C3=C(C=C(C=C3)Cl)N=C2C=C1)NC4=CC(=C(C(=C4)CN5CCCC5)O)CN6CCCC6,antimalarial agent,,Phase 3,,,31.75,,FALSE,-4.49825627,,FALSE,Calibration,https://doi.org/10.1101/2020.03.20.999730,
quinidine,COC1=CC2=C(C=CN=C2C=C1)[C@@H]([C@H]3C[C@@H]4CCN3C[C@@H]4C=C)O,sodium channel blocker,KCNA5|KCNA7|KCNH1|KCNH2|KCNH5|KCNK1|KCNK6|SCN5A|SLC29A4,Launched,,,5.11,,FALSE,-5.2915791,>40,TRUE,Calibration,https://doi.org/10.1101/2020.04.03.023846,
R-428,Nc1nc(Nc2ccc3c(c2)CC[C@@H](N2CCCC2)CC3)nn1-c1cc2c(nn1)-c1ccccc1CCC2,AXL kinase inhibitor,AXL,Phase 2,,,3.548134,,FALSE,-5.449999987,,FALSE,External,NCATS_confirmed,
ravuconazole,C[C@@H](C1=NC(=CS1)C2=CC=C(C=C2)C#N)[C@](CN3C=NC=N3)(C4=C(C=C(C=C4)F)F)O,sterol demethylase inhibitor,,Phase 2,,,2.76,,FALSE,-5.559090918,12.75,FALSE,External,10.21203/rs.3.rs-23951/v1,
regorafenib,CNC(=O)C1=NC=CC(=C1)OC2=CC(=C(C=C2)NC(=O)NC3=CC(=C(C=C3)Cl)C(F)(F)F)F,FGFR inhibitor|KIT inhibitor|PDGFR tyrosine kinase receptor inhibitor|RAF inhibitor|RET tyrosine kinase inhibitor|VEGFR inhibitor,ABL1|BRAF|DDR2|EPHA2|FGFR1|FGFR2|FLT1|FLT4|FRK|KDR|KIT|MAPK11|NTRK1|PDGFRA|PDGFRB|RAF1|RET|TEK,Launched,,,1.67,,FALSE,-5.777283529,0.97,FALSE,External,10.21203/rs.3.rs-23951/v1,
remdesivir,CCC(CC)COC(=O)[C@H](C)N[P@](=O)(OC[C@@H]1[C@H]([C@H]([C@](O1)(C#N)C2=CC=C3N2N=CN=C3N)O)O)OC4=CC=CC=C4,,,,,,0.77,,FALSE,-6.113509275,>50,FALSE,External,https://www.nature.com/articles/s41422-020-0282-0,
ritonavir,CC(C)C1=NC(=CS1)CN(C)C(=O)N[C@@H](C(C)C)C(=O)N[C@@H](CC2=CC=CC=C2)C[C@@H]([C@H](CC3=CC=CC=C3)NC(=O)OCC4=CN=CS4)O,HIV protease inhibitor,CYP1A2|CYP2B6|CYP2C19|CYP2C8|CYP2C9|CYP2D6|CYP2E1|CYP3A4|CYP3A5|CYP3A7,Launched,24.9,,8.63,-4.603800653,TRUE,-4.833894929,71.44,TRUE,Calibration,https://www.nature.com/articles/s41467-019-13940-6,https://doi.org/10.1101/2020.04.06.026476
salinomycin,CC[C@H]([C@H]1CC[C@@H]([C@@H](O1)[C@@H](C)[C@@H]([C@H](C)C(=O)[C@H](CC)[C@@H]2[C@H](C[C@H]([C@]3(O2)C=C[C@H]([C@@]4(O3)CC[C@@](O4)(C)[C@H]5CC[C@@]([C@@H](O5)C)(CC)O)O)C)C)O)C)C(=O)O,,,Launched,,,0.24,,FALSE,-6.619788758,>50,FALSE,External,https://doi.org/10.1101/2020.03.20.999730,
saquinavir,CC(C)(C)NC(=O)[C@@H]1C[C@@H]2CCCC[C@@H]2CN1C[C@H]([C@H](CC3=CC=CC=C3)NC(=O)[C@H](CC(=O)N)NC(=O)C4=NC5=CC=CC=C5C=C4)O,HIV protease inhibitor,CYP3A4,Launched,,,8.83,,FALSE,-5.054039296,44.43,TRUE,Calibration,https://doi.org/10.1101/2020.04.06.026476,
sb-612111,CC1=C2CC[C@@H](C[C@@H](C2=CC=C1)O)CN3CCC(CC3)C4=C(C=CC=C4Cl)Cl,,,,,,0.77,,FALSE,-6.113509275,3.67,FALSE,External,10.21203/rs.3.rs-23951/v1,
sb-616234-A,Cl.C[C@@H]1CN(C[C@@H](N1)C)C1=C(C=C2CCN(C2=C1)C(=O)C1=CC=C(C=C1)C1=C(C=C(C=C1)N1NOC(=C1)C)C)OC,,,,,,1.2,,FALSE,-5.920818754,,FALSE,External,https://doi.org/10.1101/2020.04.16.044016,
sdz-62-434,C1CCN(CC1)C2=CC=C(C=C2)C3=CC4=CC=CC=C4C5=NCCN35.Cl.Cl,,,,,,0.75,,FALSE,-6.124938737,,FALSE,Calibration,https://doi.org/10.1101/2020.04.16.044016,
sl-11128,CCNC/C=C\CNCCCCNCCCCNC/C=C\CNCC,,,,,,0.25,,FALSE,-6.602059991,,FALSE,External,https://doi.org/10.1101/2020.04.16.044016,
sorafenib,CNC(=O)C1=NC=CC(=C1)OC2=CC=C(C=C2)NC(=O)NC3=CC(=C(C=C3)Cl)C(F)(F)F,FLT3 inhibitor|KIT inhibitor|PDGFR tyrosine kinase receptor inhibitor|RAF inhibitor|RET tyrosine kinase inhibitor|VEGFR inhibitor,BRAF|DDR2|FGFR1|FLT1|FLT3|FLT4|KDR|KIT|PDGFRB|RAF1|RET,Launched,,,1.55,,FALSE,-5.809668302,1.17,TRUE,Calibration,10.21203/rs.3.rs-23951/v1,
spiperone,O=C(CCCN1CCC2(CC1)C(=O)NCN2c1ccccc1)c1ccc(F)cc1,dopamine receptor antagonist,ADRA1A|ADRA1B|ADRA1D|DRD1|DRD2|DRD3|DRD4|DRD5|HTR1A|HTR1D|HTR2A|HTR2B|HTR2C|HTR6|HTR7,Launched,,,4.466836,,FALSE,-5.349999992,,TRUE,Calibration,NCATS_confirmed,
SR-59230A,CCc1ccccc1OC[C@@H](O)CN[C@H]1CCCc2ccccc21,adrenergic receptor antagonist,ADRB1|ADRB2|ADRB3,Preclinical,,,11.220185,,FALSE,-4.949999982,,TRUE,External,NCATS_confirmed,
sulfadoxine,COC1=C(N=CN=C1OC)NS(=O)(=O)C2=CC=C(C=C2)N,dihydropteroate synthase inhibitor,,Launched,,,35.37,,FALSE,-4.45136494,>40,TRUE,Calibration,https://doi.org/10.1101/2020.04.03.023846,
tamoxifen,CC/C(=C(\C1=CC=CC=C1)/C2=CC=C(C=C2)OCCN(C)C)/C3=CC=CC=C3,estrogen receptor antagonist|selective estrogen receptor modulator (SERM),EBP|ESR1|ESR2|GPER1|PRKCA|PRKCB|PRKCD|PRKCE|PRKCG|PRKCI|PRKCQ|PRKCZ,Launched,10.11,92.88,8.98,-4.288234938,TRUE,-4.6913501,37.96,TRUE,Calibration,https://www.sciencedirect.com/science/article/pii/S1359644620300416,https://doi.org/10.1101/2020.03.25.008482
terconazole,CC(C)N1CCN(CC1)C2=CC=C(C=C2)OC[C@H]3CO[C@](O3)(CN4C=NC=N4)C5=C(C=C(C=C5)Cl)Cl,sterol demethylase inhibitor,,Launched,12.2,15.32,16.14,-4.861381566,TRUE,-4.840159291,41.46,TRUE,Calibration,https://www.sciencedirect.com/science/article/pii/S1359644620300416,https://doi.org/10.1101/2020.03.25.008482
tetrandrine,CN1CCC2=CC(=C3C=C2[C@@H]1CC4=CC=C(C=C4)OC5=C(C=CC(=C5)C[C@H]6C7=C(O3)C(=C(C=C7CCN6C)OC)OC)OC)OC,calcium channel blocker,SLC6A3,Preclinical,,,3,,FALSE,-5.522878745,14.92,FALSE,External,https://doi.org/10.1101/2020.03.20.999730,
thiethylperazine,CCSC1=CC2=C(C=C1)SC3=CC=CC=C3N2CCCN4CCN(CC4)C,dopamine receptor antagonist,DRD1|DRD2|DRD4,Launched,,,8.02,,FALSE,-5.095825632,18.37,TRUE,External,https://doi.org/10.1101/2020.03.25.008482,
thimerosal,CC[Hg]SC1=CC=CC=C1C(=O)[O-].[Na+],,,,,,1.69,,FALSE,-5.772113295,13.52,FALSE,Calibration,10.21203/rs.3.rs-23951/v1,
thioguanosine,C1=NC2=C(N1[C@H]3[C@@H]([C@@H]([C@H](O3)CO)O)O)NC(=NC2=S)N,,,,,,0.78,,FALSE,-6.107905397,0.63,FALSE,External,10.21203/rs.3.rs-23951/v1,
thioridazine,CN1CCCCC1CCN2C3=CC=CC=C3SC4=C2C=C(C=C4)SC,dopamine receptor antagonist,DRD1|DRD2|DRD3|DRD4|DRD5|HRH1|HTR1A|HTR2A|HTR2C|HTR6|HTR7,Withdrawn,,,6.69,,FALSE,-5.174573882,15.96,TRUE,External,https://doi.org/10.1101/2020.03.20.999730,
tilorone,CCN(CC)CCOC1=CC2=C(C=C1)C3=C(C2=O)C=C(C=C3)OCCN(CC)CC,interferon inducer,,Launched,,,4.09,,FALSE,-5.388276692,19.67,FALSE,External,https://doi.org/10.1101/2020.03.20.999730,
tioquanine,,,,,,,1.71,,FALSE,-5.76700389,2.21,FALSE,External,10.21203/rs.3.rs-23951/v1,
tipranavir,CCC[C@]1(CC(=C(C(=O)O1)[C@H](CC)C2=CC(=CC=C2)NS(=O)(=O)C3=NC=C(C=C3)C(F)(F)F)O)CCC4=CC=CC=C4,HIV protease inhibitor,,Launched,,,13.34,,FALSE,-4.87484417,76.8,FALSE,External,https://doi.org/10.1101/2020.04.06.026476,
toremifene,CN(C)CCOC1=CC=C(C=C1)/C(=C(/CCCl)\C2=CC=CC=C2)/C3=CC=CC=C3,estrogen receptor antagonist|selective estrogen receptor modulator (SERM),ESR1,Launched,12.91,11.96,11.3,-4.90535421,TRUE,-4.919421378,10.11,TRUE,External,https://www.sciencedirect.com/science/article/pii/S1359644620300416,https://doi.org/10.1101/2020.03.25.008482
triparanol,CCN(CC)CCOC1=CC=C(C=C1)C(CC2=CC=C(C=C2)Cl)(C3=CC=C(C=C3)C)O,,,,,,6.41,,FALSE,-5.19314197,14.73,FALSE,Calibration,https://doi.org/10.1101/2020.03.25.008482,
tyrphostin,COC1=C(C=C2C(=C1)C(=NC=N2)NC3=CC(=CC=C3)Cl)OC,,,,,,0.2,,FALSE,-6.698970004,1.36,FALSE,External,10.21203/rs.3.rs-23951/v1,
vatalanib,C1=CC=C2C(=C1)C(=NN=C2NC3=CC=C(C=C3)Cl)CC4=CC=NC=C4,KIT inhibitor|PDGFR tyrosine kinase receptor inhibitor|VEGFR inhibitor,EGFR|FLT1|FLT4|KDR|PDGFRB,Phase 3,,,18.27,,FALSE,-4.738261453,64.18,TRUE,Calibration,10.21203/rs.3.rs-23951/v1,
vby-825,CC[C@@H](C(=O)C(=O)NC1CC1)NC(=O)[C@H](CS(=O)(=O)CC2CC2)N[C@@H](C3=CC=C(C=C3)F)C(F)(F)F,,,,,,0.3,,FALSE,-6.522878745,,FALSE,External,https://doi.org/10.1101/2020.04.16.044016,
vilazodone,N#Cc1ccc2[nH]cc(CCCCN3CCN(c4ccc5oc(C(N)=O)cc5c4)CC3)c2c1,serotonin reuptake inhibitor,DRD2|DRD3|HRH1|HTR1A|HTR4|SLC6A4,Launched,,,12.589254,,FALSE,-4.900000004,,FALSE,Calibration,NCATS_confirmed,
VLX600,CC1=C2C(=CC=C1)C3=C(N2)N=C(N=N3)N/N=C(\C)/C4=CC=CC=N4,antitumor agent|ubiquitin C-terminal hydrolase inhibitor,TP53|USP14,Phase 1,,,0.24,,FALSE,-6.619788758,0.06,FALSE,Calibration,10.21203/rs.3.rs-23951/v1,
VU-0418946-1,c1ccc(-c2ccc(CNc3nc(-c4ccccn4)nnc3-c3ccccc3)cc2)cc1,,,,,,0.630957,,FALSE,-6.200000237,,FALSE,External,NCATS_confirmed,
yh-1238,,,,,,,0.95,,FALSE,-6.022276395,,FALSE,Calibration,https://doi.org/10.1101/2020.04.16.044016,
z-lvg-chn2,CC(C)C[C@@H](C(=O)N(CC(=O)C=[N+]=[N-])[C@@H](C(C)C)C(=O)N)NC(=O)OCC1=CC=CC=C1,,,,,,0.19,,FALSE,-6.721246399,,FALSE,Calibration,https://doi.org/10.1101/2020.04.16.044016,
zaldaride,CC1(CN2CCC(n3c(=O)[nH]c4ccccc43)CC2)OCc2ccccc2-n2cccc21,calmodulin antagonist,CALM1,Phase 3,,,11.220185,,FALSE,-4.949999982,,TRUE,Calibration,NCATS_confirmed,
ZK-93423,CCOC(=O)C1=NC=C2C(=C1COC)C3=C(N2)C=CC(=C3)OCC4=CC=CC=C4,benzodiazepine receptor agonist,GABRA1|GABRA2|GABRA3|GABRA5|GABRB2|GABRG2,Phase 3,,,1.34,,FALSE,-5.872895202,0.91,TRUE,Calibration,10.21203/rs.3.rs-23951/v1,